<!DOCTYPE hibernate-configuration PUBLIC 	"-//Hibernate/Hibernate Configuration DTD//EN"	"http://hibernate.sourceforge.net/hibernate-configuration-3.0.dtd">	<hibernate-configuration>	<session-factory>		<property name="hibernate.connection.datasource">@datasource.prefix@/QaDataSource</property>		<property name="hibernate.dialect">@hibernate.dialect@</property>		<property name="hibernate.show_sql">false</property>        <mapping resource="GalleryImage.hbm.xml"/>        @hibernate.properties@			</session-factory></hibernate-configuration>