<?xml version = "1.0" encoding = "ISO-8859-1"?><!DOCTYPE application SYSTEM "dtds/application.dtd"><application name="QAProjectManager">    <module name="Authors">        <model name="Author"/>        <controller name="CRUD"/>    </module>    <module name="Publishers">        <model name="Publisher"/>        <controller name="CRUD"/>    </module>    <module name="Categories">        <model name="Category"/>        <controller name="CRUD"/>    </module>    <module name="BookTypes">        <model name="BookType"/>        <controller name="CRUD"/>    </module>    <module name="Books">        <model name="Book"/>        <controller name="Typical"/>    </module>    <module name="BookIssues">        <model name="BookIssue"/>        <controller name="Typical"/>    </module>    <module name="BookReservations">        <model name="BookReservation"/>        <controller name="Typical"/>    </module>    <module name="Countries">        <model name="Country"/>        <controller name="CRUD"/>    </module>    <module name="Customers">        <model name="Customer"/>        <controller name="Typical"/>    </module>    <module name="Departments">        <model name="Department"/>        <controller name="CRUD"/>    </module>    <module name="Designations">        <model name="Designation"/>        <controller name="CRUD"/>    </module>    <module name="EngineeringReleases">        <model name="EngineeringRelease"/>        <controller name="Typical"/>    </module>    <module name="ProjectStatuses">        <model name="ProjectStatus"/>        <controller name="CRUD"/>    </module>    <module name="ProjectTestCases">        <model name="ProjectTestCase"/>        <controller name="CRUD"/>    </module>    <module name="ProjectTypes">        <model name="ProjectType"/>        <controller name="CRUD"/>    </module>    <module name="QaProjects">        <model name="QaProject"/>        <controller name="Typical"/>    </module>    <module name="QaProjectsPMViews">        <env-var name="XAVA_SEARCH_ACTION" value="CRUD.searchReadOnly"/>        <model name="QaProject"/>        <controller name="Print"/>    </module>    <module name="QaProjectModules">        <model name="QaProjectModule"/>        <controller name="Typical"/>    </module>    <module name="ReleaseTypes">        <model name="ReleaseType"/>        <controller name="CRUD"/>    </module>    <module name="Resources">        <env-var name="QAMANAGER_MIN_AGE" value="15"/>        <env-var name="QAMANAGER_MAX_AGE" value="62"/>        <model name="Resource"/>        <controller name="Typical"/>    </module>    <module name="ResourceAllocations">        <env-var name="XAVA_SEARCH_ACTION" value="CRUD.searchReadOnly"/>        <model name="ResourceAllocation"/>        <controller name="Print"/>    </module>    <!--    <module name="ResourceAllocationsPMViews">        <env-var name="XAVA_SEARCH_ACTION" value="CRUD.searchReadOnly"/>        <model name="ResourceAllocation"/>        <controller name="Print"/>    </module>    -->    <module name="ResourceHardwares">        <model name="ResourceHardware"/>        <controller name="CRUD"/>    </module>    <module name="ResourceStatuses">        <model name="ResourceStatus"/>        <controller name="CRUD"/>    </module>    <module name="RoleDefinitions">        <model name="RoleDefinition"/>        <controller name="Typical"/>    </module>    <module name="ShipmentMethods">        <model name="ShipmentMethod"/>        <controller name="CRUD"/>    </module>    <module name="SoftwareReleases">        <model name="SoftwareRelease"/>        <controller name="Typical"/>    </module>    <module name="SoftwareReleasesPMViews">        <env-var name="XAVA_SEARCH_ACTION" value="CRUD.searchReadOnly"/>        <model name="SoftwareRelease"/>        <controller name="Print"/>    </module>    <module name="TestCycles">        <model name="TestCycle"/>        <controller name="Typical"/>    </module>    <module name="TestCyclesPMViews">        <env-var name="XAVA_SEARCH_ACTION" value="CRUD.searchReadOnly"/>        <model name="TestCycle"/>        <controller name="Print"/>    </module>    <module name="TipofDays">        <model name="TipofDay"/>        <controller name="CRUD"/>    </module>    <module name="TodCategories">        <model name="TodCategory"/>        <controller name="CRUD"/>    </module>    <module name="TestCycleStatuses">        <model name="TestCycleStatus"/>        <controller name="CRUD"/>    </module>    <module name="TestCoverageModules">        <model name="TestCoverageModule"/>        <controller name="Typical"/>    </module>    <module name="TestCoverages">        <model name="TestCoverage"/>        <controller name="Typical"/>    </module>    <module name="TodSchedulars">        <model name="TodSchedular"/>        <controller name="CRUD"/>    </module>    <module name="Welcome">        <doc url="doc/welcome"/>    </module>    <module name="FAQ">        <doc url="doc/FAQ.html"/>    </module>    <!-- To be removed -->    <module name="WorkShops">        <model name="WorkShop"/>        <controller name="Typical"/>    </module>    <module name="HolidayTypes">        <model name="HolidayType"/>        <controller name="Typical"/>    </module>    <module name="Holidays">        <model name="Holiday"/>        <controller name="Typical"/>    </module>    <module name="LeaveTypes">        <model name="LeaveType"/>        <controller name="Typical"/>    </module>    <module name="LeaveApplications">        <model name="LeaveApplication"/>        <controller name="Typical"/>    </module>    <module name="LeaveAllocations">        <model name="LeaveAllocation"/>        <controller name="Typical"/>    </module>    <module name="TrainingLocations">        <model name="TrainingLocation"/>        <controller name="Typical"/>    </module>    <module name="Trainings">        <model name="Training"/>        <controller name="Typical"/>    </module>    <module name="TrainingMethods">           <model name="TrainingMethod"/>           <controller name="Typical"/>       </module></application>