<?xml version="1.0" encoding="ISO-8859-1"?> 

<!-- Generated by OpenXava: Thu Feb 28 12:41:10 LKT 2008 -->

<!DOCTYPE hibernate-mapping SYSTEM "http://hibernate.sourceforge.net/hibernate-mapping-3.0.dtd">

<hibernate-mapping package="org.openxava.qamanager.model">

  <class 
  	name="BookReservation"
  	table="BOOK_RESERVATION"> 	
		<id name="id" column="ID" access="field" type='java.lang.String' length='50'> 
			<generator class="org.openxava.hibernate.impl.DefaultValueIdentifierGenerator">
				<param name="property">id</param>
			</generator> 
		</id> 	
		<property name="reservationComment" access="field" type='java.lang.String' length='500'>
		 	<column name="RESERVATION_COMMENT"  />
		</property> 	
		<property name="reservationStatus" access="field" type='java.lang.String' precision='9' scale='0'>
		 	<column name="RESERVATION_STATUS"  check='RESERVATION_STATUS between 0 and 3' />
		</property> 	
		<property name="reservedDate" access="field" type='java.sql.Date' length='10'>
		 	<column name="RESERVED"  />
		</property> 	
		<property name="requestedDate" access="field" type='java.sql.Date' length='10'>
		 	<column name="REQUESTED"  />
		</property> 
		<many-to-one name="reservationRequester" column="REQUESTER_ID" class="org.openxava.qamanager.model.Resource"  access="field"/> 
		<many-to-one name="book" column="BOOKS_ID" class="org.openxava.qamanager.model.Book"  access="field"/> 
  </class>

</hibernate-mapping>