<?xml version="1.0" encoding="ISO-8859-1"?> 

<!-- Generated by OpenXava: Thu Feb 28 12:41:10 LKT 2008 -->

<!DOCTYPE hibernate-mapping SYSTEM "http://hibernate.sourceforge.net/hibernate-mapping-3.0.dtd">

<hibernate-mapping package="org.openxava.qamanager.model">

  <class 
  	name="BookIssue"
  	table="BOOKS_ISSUE"> 	
		<id name="id" column="ID" access="field" type='java.lang.String' length='50'> 
			<generator class="org.openxava.hibernate.impl.DefaultValueIdentifierGenerator">
				<param name="property">id</param>
			</generator> 
		</id> 	
		<property name="issueComment" access="field" type='java.lang.String' length='500'>
		 	<column name="ISSUE_COMMENT"  />
		</property> 	
		<property name="issueStatus" access="field" type='java.lang.String' precision='14' scale='0'>
		 	<column name="ISSUE_STATUS"  check='ISSUE_STATUS between 0 and 3' />
		</property> 	
		<property name="issuedDate" access="field" type='java.sql.Date' length='10'>
		 	<column name="ISSUED"  />
		</property> 	
		<property name="dueReturnDate" access="field" type='java.sql.Date' length='10'>
		 	<column name="DUE_RETURN"  />
		</property> 	
		<property name="actualReturnDate" access="field" type='java.sql.Date' length='10'>
		 	<column name="ACTUAL_RETURN"  />
		</property> 
		<many-to-one name="borrower" column="BORROWER_ID" class="org.openxava.qamanager.model.Resource"  access="field"/> 
		<many-to-one name="book" column="BOOKS_ID" class="org.openxava.qamanager.model.Book"  access="field"/> 
  </class>

</hibernate-mapping>