<?xml version="1.0" encoding="ISO-8859-1"?> 

<!-- Generated by OpenXava: Thu Feb 28 12:41:10 LKT 2008 -->

<!DOCTYPE hibernate-mapping SYSTEM "http://hibernate.sourceforge.net/hibernate-mapping-3.0.dtd">

<hibernate-mapping package="org.openxava.qamanager.model">

  <class 
  	name="Book"
  	table="BOOKS"> 	
		<id name="id" column="ID" access="field" type='java.lang.String' length='50'> 
			<generator class="org.openxava.hibernate.impl.DefaultValueIdentifierGenerator">
				<param name="property">id</param>
			</generator> 
		</id> 	
		<property name="title" access="field" type='java.lang.String' length='100'>
		 	<column name="TITLE"  />
		</property> 	
		<property name="description" access="field" type='java.lang.String' length='500'>
		 	<column name="DESCRIPTION"  />
		</property> 	
		<property name="edition" access="field" type='java.lang.String' length='10'>
		 	<column name="EDITION"  />
		</property> 	
		<property name="bookPrice" access="field" type='java.math.BigDecimal' precision='15' scale='2'>
		 	<column name="PRICE"  />
		</property> 	
		<property name="publishedDate" access="field" type='java.sql.Date' length='10'>
		 	<column name="PUBLISHED"  />
		</property> 	
		<property name="frontCover" access="field" type='byte[]' length='-1'>
		 	<column name="FRONT_COVER"  />
		</property> 	
		<property name="backCover" access="field" type='byte[]' length='-1'>
		 	<column name="BACK_COVER"  />
		</property> 	
		<property name="copyRight" access="field" type='byte[]' length='-1'>
		 	<column name="COPYRIGHT"  />
		</property> 	
		<property name="tableOfContent" access="field" type='byte[]' length='-1'>
		 	<column name="TOC"  />
		</property> 	
		<property name="excerpt" access="field" type='byte[]' length='-1'>
		 	<column name="EXCERPT"  />
		</property> 	
		<property name="bookISBN" access="field" type='java.lang.String' length='15'>
		 	<column name="ISBN"  />
		</property> 
		<many-to-one name="country" column="COUNTRY_ID" class="org.openxava.qamanager.model.Country"  access="field"/> 
		<many-to-one name="donatedBy" column="RESOURCE_POOL_ID_DONATEDBY" class="org.openxava.qamanager.model.Resource"  access="field"/> 
		<many-to-one name="category" column="CATEGORY_ID" class="org.openxava.qamanager.model.Category"  access="field"/> 
		<many-to-one name="publisher" column="PUBLISHER_ID" class="org.openxava.qamanager.model.Publisher"  access="field"/> 
		<many-to-one name="bookType" column="BOOK_TYPE_ID" class="org.openxava.qamanager.model.BookType"  access="field"/> 
		<many-to-one name="author" column="AUTHOR_ID" class="org.openxava.qamanager.model.Author"  access="field"/> 
  </class>

</hibernate-mapping>