<?xml version="1.0" encoding="ISO-8859-1"?> 

<!-- Generated by OpenXava: Thu Feb 28 12:41:09 LKT 2008 -->

<!DOCTYPE hibernate-mapping SYSTEM "http://hibernate.sourceforge.net/hibernate-mapping-3.0.dtd">

<hibernate-mapping package="org.openxava.qamanager.model">

  <class 
  	name="CodeReview"
  	table="CODE_REVIEW"> 
		<composite-id> 	
			<key-property name="codeReviewID" column="CODE_REVIEW_ID" access="field" type='java.lang.String' length='50'/> 	
			<key-many-to-one name="testCycle" class="org.openxava.qamanager.model.TestCycle"> 			
				<column name="TEST_CYCLE_RELEASETAG"/> 			
				<column name="TEST_CYCLE_PROJECT"/> 						
			</key-many-to-one> 	
			<key-many-to-one name="reviewer" class="org.openxava.qamanager.model.Resource"> 			
				<column name="RESOURCE_POOL_ID"/> 						
			</key-many-to-one>  	
		</composite-id> 	
		<property name="codeReviewStatus" access="field" type='java.lang.String' precision='20' scale='0'>
		 	<column name="REVIEW_STATUS"  check='REVIEW_STATUS between 0 and 6' />
		</property> 	
		<property name="scheduledCodeReviewStart" access="field" type='java.sql.Date' length='10'>
		 	<column name="SCHEDULED_START"  />
		</property> 	
		<property name="actualCodeReviewStart" access="field" type='java.sql.Date' length='10'>
		 	<column name="ACTUAL_START"  />
		</property> 	
		<property name="scheduledCodeReviewEnd" access="field" type='java.sql.Date' length='10'>
		 	<column name="SCHEDULED_END"  />
		</property> 	
		<property name="actualCodeReviewEnd" access="field" type='java.sql.Date' length='10'>
		 	<column name="ACTUAL_END"  />
		</property> 	
		<property name="codeReviewComment" access="field" type='java.lang.String' length='500'>
		 	<column name="REVIEW_COMMENT"  />
		</property> 
  </class>

</hibernate-mapping>