<?xml version = "1.0" encoding = "ISO-8859-1"?>

<!DOCTYPE controllers SYSTEM "dtds/controllers.dtd">

<!-- qaProjectManager specific controlers -->

<controllers>


    <controller name="Navigation">
        <action name="previous" mode="detail"
                image="images/previous.gif"
                class="org.openxava.actions.ViewDetailAction"
                keystroke="Ctrl+Alt+ Left Arrow">
            <set property="increment" value="-1"/>
            <use-object name="xava_row"/>
            <use-object name="xava_view"/>
        </action>
        <action name="first" mode="detail"
                image="images/home.gif"
                class="org.openxava.actions.ViewDetailAction"
                keystroke="Ctrl+Alt+ Home">
            <set property="goFirst" value="true"/>
            <use-object name="xava_row"/>
            <use-object name="xava_view"/>
        </action>
        <action name="next" mode="detail"
                image="images/next.gif"
                class="org.openxava.actions.ViewDetailAction"
                keystroke="Ctrl+Alt+ Right Arrow">
            <set property="increment" value="1"/>
            <use-object name="xava_row"/>
            <use-object name="xava_view"/>
        </action>
    </controller>

    <controller name="TipofDay">
        <extends controller="Typical"/>
        <action name="sendEmail" mode="detail"
                class="org.openxava.qamanager.actions.SendTipofDay"
                image="images/email.jpeg"
                keystroke="Control E">
            <set property="resetAfter" value="false"/>
            <use-object name="xava_view"/>
        </action>
    </controller>


    <controller name="TodSchedular">
        <extends controller="Typical"/>
        <action name="sendEmail" mode="detail"
                class="org.openxava.qamanager.actions.SendTipofDayRemindar"
                image="images/email.jpeg"
                keystroke="Control E">
            <set property="resetAfter" value="false"/>
            <use-object name="xava_view"/>
        </action>
    </controller>

</controllers>