<?xml version="1.0" encoding="ISO-8859-1"?> 

<!-- Generated by OpenXava: Wed Sep 05 10:39:22 LKT 2007 -->

<!DOCTYPE hibernate-mapping SYSTEM "http://hibernate.sourceforge.net/hibernate-mapping-3.0.dtd">

<hibernate-mapping package="org.openxava.qamanager.model">

  <class 
  	name="Contacts"
  	table="CUSTOMER_CONTACT"> 	
		<id name="id" column="ID" access="field" type='java.lang.String' length='5'> 
			<generator class="assigned"/> 
		</id> 	
		<property name="name" access="field" type='java.lang.String' length='50'>
		 	<column name="NAME"  />
		</property> 	
		<property name="telephone" access="field" type='java.lang.String' length='15'>
		 	<column name="TELEPHONE"  />
		</property> 	
		<property name="email" access="field" type='java.lang.String' length='50'>
		 	<column name="EMAIL"  />
		</property> 	
		<property name="otherInfo" access="field" type='java.lang.String' length='100'>
		 	<column name="OTHER_INFO"  />
		</property> 
		<many-to-one name="project" column="PROJECT" class="org.openxava.qamanager.model.QaProject"  access="field"/> 
		<many-to-one name="customer" column="CUSTOMER" class="org.openxava.qamanager.model.Customer"  access="field"/> 
  </class>

</hibernate-mapping>