<?xml version="1.0" encoding="ISO-8859-1"?> 

<!-- Generated by OpenXava: Thu Feb 28 12:41:07 LKT 2008 -->

<!DOCTYPE hibernate-mapping SYSTEM "http://hibernate.sourceforge.net/hibernate-mapping-3.0.dtd">

<hibernate-mapping package="org.openxava.qamanager.model">

  <class 
  	name="Customer"
  	table="CUSTOMER"> 	
		<id name="id" column="ID" access="field" type='java.lang.String' length='5'> 
			<generator class="assigned"/> 
		</id> 	
		<property name="name" access="field" type='java.lang.String' length='100'>
		 	<column name="NAME"  />
		</property> 	
		<property name="address" access="field" type='java.lang.String' length='100'>
		 	<column name="ADDRESS"  />
		</property> 	
		<property name="phone1" access="field" type='java.lang.String' length='15'>
		 	<column name="PHONE1"  />
		</property> 	
		<property name="phone2" access="field" type='java.lang.String' length='15'>
		 	<column name="PHONE2"  />
		</property> 	
		<property name="fax" access="field" type='java.lang.String' length='15'>
		 	<column name="FAX"  />
		</property> 	
		<property name="email" access="field" type='java.lang.String' length='50'>
		 	<column name="EMAIL"  />
		</property> 	
		<property name="webURL" access="field" type='java.lang.String' length='50'>
		 	<column name="WEBURL"  />
		</property> 	
		<property name="description" access="field" type='java.lang.String' length='500'>
		 	<column name="DESCRIPTION"  />
		</property> 
		<many-to-one name="country" column="COUNTRY" class="org.openxava.qamanager.model.Country"  access="field"/>  
		<set name="contacts" order-by="ID" cascade='delete' inverse='true'>
			<key column="CUSTOMER"/>
			<one-to-many class="Contact"/>
		</set>  
		<set name="projects" order-by="ID" cascade='delete' inverse='true'>
			<key column="CUSTOMER"/>
			<one-to-many class="CustomerProject"/>
		</set> 
  </class>

</hibernate-mapping>