<?xml version = "1.0" encoding = "ISO-8859-1"?>

<!DOCTYPE default-size SYSTEM "dtds/default-size.dtd">

<!-- qaProjectManager specifc default sizes  -->

<default-size>
	<for-stereotype name="PERSON_NAME" size="100"/>
    <for-stereotype name="NAME" size="50"/>
    <for-stereotype name="TELEPHONE" size="15"/>
    <for-stereotype name="EMAIL" size="50"/>
    <for-stereotype name="EMAIL_LIST" size="200"/>
    <for-stereotype name="WEBURL" size="50"/>
    <for-stereotype name="ID" size="5"/>
    <for-stereotype name="DESCRIPTION" size="250"/>
    <for-stereotype name="IP" size="15"/>
    <for-stereotype name="ISBN" size="15"/>
</default-size>