<?xml version="1.0" encoding="ISO-8859-1"?> 

<!-- Generated by OpenXava: Thu Feb 28 12:41:10 LKT 2008 -->

<!DOCTYPE hibernate-mapping SYSTEM "http://hibernate.sourceforge.net/hibernate-mapping-3.0.dtd">

<hibernate-mapping package="org.openxava.qamanager.model">

  <class 
  	name="Department"
  	table="DEPARTMENT"> 	
		<id name="id" column="ID" access="field" type='java.lang.String' length='5'> 
			<generator class="assigned"/> 
		</id> 	
		<property name="name" access="field" type='java.lang.String' length='50'>
		 	<column name="NAME"  />
		</property> 	
		<property name="description" access="field" type='java.lang.String' length='100'>
		 	<column name="DESCRIPTION"  />
		</property> 
  </class>

</hibernate-mapping>