<?xml version="1.0" encoding="ISO-8859-1"?> 

<!-- Generated by OpenXava: Thu Feb 28 12:41:08 LKT 2008 -->

<!DOCTYPE hibernate-mapping SYSTEM "http://hibernate.sourceforge.net/hibernate-mapping-3.0.dtd">

<hibernate-mapping package="org.openxava.qamanager.model">

  <class 
  	name="DocumentReview"
  	table="DOCUMENT_REVIEW"> 	
		<id name="documentReviewID" column="ID" access="field" type='java.lang.String' length='50'> 
			<generator class="org.openxava.hibernate.impl.DefaultValueIdentifierGenerator">
				<param name="property">documentReviewID</param>
			</generator> 
		</id> 	
		<property name="documentTitle" access="field" type='java.lang.String' length='50'>
		 	<column name="TITLE"  />
		</property> 	
		<property name="documentVersion" access="field" type='java.lang.String' length='10'>
		 	<column name="VERSION"  />
		</property> 	
		<property name="documentType" access="field" type='java.lang.String' precision='17' scale='0'>
		 	<column name="DOC_TYPE"  check='DOC_TYPE between 1 and 11' />
		</property> 	
		<property name="documentReviewStatus" access="field" type='java.lang.String' precision='30' scale='0'>
		 	<column name="REVIEW_STATUS"  check='REVIEW_STATUS between 0 and 6' />
		</property> 	
		<property name="scheduledDocumentReviewStart" access="field" type='java.sql.Date' length='10'>
		 	<column name="SCHEDULED_START"  />
		</property> 	
		<property name="actualDocumentReviewStart" access="field" type='java.sql.Date' length='10'>
		 	<column name="ACTUAL_START"  />
		</property> 	
		<property name="scheduledDocumentReviewEnd" access="field" type='java.sql.Date' length='10'>
		 	<column name="SCHEDULED_END"  />
		</property> 	
		<property name="actualDocumentReviewEnd" access="field" type='java.sql.Date' length='10'>
		 	<column name="ACTUAL_END"  />
		</property> 	
		<property name="documentReviewComment" access="field" type='java.lang.String' length='500'>
		 	<column name="REVIEW_COMMENT"  />
		</property> 	
		<property name="created" access="field" type='java.sql.Date' length='10'>
		 	<column name="CREATED"  />
		</property> 	
		<property name="modified" access="field" type='java.sql.Date' length='10'>
		 	<column name="MODIFIED"  />
		</property> 
		<many-to-one name="documentAuthor" column="RESOURCE_POOL_ID_AUTHOR" class="org.openxava.qamanager.model.Resource"  access="field"/> 
		<many-to-one name="qaProject" column="QA_PROJECT_ID" class="org.openxava.qamanager.model.QaProject"  access="field"/> 
		<many-to-one name="documentReviewer" column="RESOURCE_POOL_ID_REVIEWER" class="org.openxava.qamanager.model.Resource"  access="field"/> 
  </class>

</hibernate-mapping>