<?xml version = "1.0" encoding = "ISO-8859-1"?>

<!DOCTYPE editors SYSTEM "dtds/editors.dtd">

<!--
	Editors defined for qaProjectManager
-->

<editors>
    <editor url="textEditor.jsp">
        <formatter
			class="org.openxava.qamanager.formatters.PersonNameFormatter">
			<set property="firstLetterInUpperCase" value="true" />
		</formatter>
        <for-stereotype stereotype="PERSON_NAME"/>
    </editor>

    <editor url="textEditor.jsp">
        <formatter
			class="org.openxava.qamanager.formatters.PersonNameFormatter">
			<set property="firstLetterInUpperCase" value="true" />
		</formatter>
        <for-stereotype stereotype="NAME"/>
    </editor>

    <editor url="textEditor.jsp">
        <formatter class="org.openxava.formatters.UpperCaseFormatter" />
        <for-stereotype stereotype="ID"/>
    </editor>

    <editor url="textEditor.jsp">
        <for-stereotype stereotype="TELEPHONE"/>
    </editor>

    <editor url="textEditor.jsp">
        <for-stereotype stereotype="EMAIL"/>
    </editor>


    <editor url="textEditor.jsp">
           <for-stereotype stereotype="EMAIL_LIST"/>
       </editor>


    <editor url="textEditor.jsp">
        <for-stereotype stereotype="IP"/>
    </editor>

    <editor url="textEditor.jsp">
        <for-stereotype stereotype="ISBN"/>
    </editor>


    <editor url="textEditor.jsp">
            <for-stereotype stereotype="WEBURL"/>
     </editor>

    <editor url="textEditor.jsp">
            <for-stereotype stereotype="DESCRIPTION"/>
     </editor>


</editors>
