<?xml version="1.0" encoding="ISO-8859-1"?> 

<!-- Generated by OpenXava: Thu Feb 28 12:41:07 LKT 2008 -->

<!DOCTYPE hibernate-mapping SYSTEM "http://hibernate.sourceforge.net/hibernate-mapping-3.0.dtd">

<hibernate-mapping package="org.openxava.qamanager.model">

  <class 
  	name="EngineeringRelease"
  	table="TEST_CYCLE"> 
		<composite-id> 	
			<key-property name="releaseTag" column="RELEASETAG" access="field" type='java.lang.String' length='10'/> 	
			<key-many-to-one name="project" class="org.openxava.qamanager.model.QaProject"> 			
				<column name="PROJECT"/> 						
			</key-many-to-one>  	
		</composite-id> 	
		<property name="scheduledEngRelease" access="field" type='java.sql.Date' length='10'>
		 	<column name="SCHEDULED_ENG_RELEASE"  />
		</property> 	
		<property name="actualEngRelease" access="field" type='java.sql.Date' length='10'>
		 	<column name="ACTUAL_ENG_RELEASE"  />
		</property> 	
		<property name="delayEngRelease" access="field" type='java.lang.Integer' precision='3' scale='0'>
		 	<column name="ENGRELEASE_DELAY"  />
		</property> 	
		<property name="limitations" access="field" type='java.lang.String' length='500'>
		 	<column name="LIMITATIONS"  />
		</property> 	
		<property name="engComment" access="field" type='java.lang.String' length='500'>
		 	<column name="ENG_COMMENT"  />
		</property> 	
		<property name="scheduledQAStart" access="field" type='java.sql.Date' length='10'>
		 	<column name="SCHEDULED_QA_START"  />
		</property> 	
		<property name="scheduledQAEnd" access="field" type='java.sql.Date' length='10'>
		 	<column name="SCHEDULED_QA_END"  />
		</property> 	
		<property name="actualQAStart" access="field" type='java.sql.Date' length='10'>
		 	<column name="ACTUAL_QA_START"  />
		</property> 	
		<property name="actualQAEnd" access="field" type='java.sql.Date' length='10'>
		 	<column name="ACTUAL_QA_END"  />
		</property> 
		<many-to-one name="releasedByEngineering" column="ENG_RELEASEDBY" class="org.openxava.qamanager.model.Resource"  access="field"/> 
		<many-to-one name="status" column="STATUS" class="org.openxava.qamanager.model.TestCycleStatus"  access="field"/> 
  </class>

</hibernate-mapping>