<?xml version="1.0" encoding="ISO-8859-1"?> 

<!-- Generated by OpenXava: Thu Feb 28 12:41:09 LKT 2008 -->

<!DOCTYPE hibernate-mapping SYSTEM "http://hibernate.sourceforge.net/hibernate-mapping-3.0.dtd">

<hibernate-mapping package="org.openxava.qamanager.model">

  <class 
  	name="EventHistory"
  	table="TESTCYCLE_EVENT"> 
		<composite-id> 	
			<key-property name="eventID" column="EVENT_ID" access="field" type='java.lang.String' length='50'/> 	
			<key-many-to-one name="testCycle" class="org.openxava.qamanager.model.TestCycle"> 			
				<column name="TEST_CYCLE_RELEASETAG"/> 			
				<column name="TEST_CYCLE_PROJECT"/> 						
			</key-many-to-one> 	
			<key-property name="eventDate" column="EVENT_DATE" access="field" type='java.util.Date' length='10'/>  	
		</composite-id> 	
		<property name="title" access="field" type='java.lang.String' length='80'>
		 	<column name="TITLE"  />
		</property> 	
		<property name="remarks" access="field" type='java.lang.String' length='500'>
		 	<column name="REMARK"  />
		</property> 	
		<property name="created" access="field" type='java.sql.Date' length='10'>
		 	<column name="CREATED"  />
		</property> 	
		<property name="modified" access="field" type='java.sql.Date' length='10'>
		 	<column name="MODIFIED"  />
		</property> 
  </class>

</hibernate-mapping>