<!DOCTYPE hibernate-configuration PUBLIC 	"-//Hibernate/Hibernate Configuration DTD//EN"	"http://hibernate.sourceforge.net/hibernate-configuration-3.0.dtd">	<hibernate-configuration>	<session-factory>		<property name="hibernate.connection.datasource">java:comp/env/jdbc/QaDataSource</property>		<property name="hibernate.dialect">org.hibernate.dialect.MySQLDialect</property>		<property name="hibernate.show_sql">false</property>        <mapping resource="GalleryImage.hbm.xml"/>        			</session-factory></hibernate-configuration>