<!DOCTYPE hibernate-configuration PUBLIC 	"-//Hibernate/Hibernate Configuration DTD//EN"	"http://hibernate.sourceforge.net/hibernate-configuration-3.0.dtd">	<hibernate-configuration>	<session-factory>		<!-- Hypersonic -->		<property name="hibernate.connection.driver_class">com.mysql.jdbc.Driver</property>		<property name="hibernate.dialect">org.hibernate.dialect.MySQLDialect</property>		<property name="hibernate.connection.url">jdbc:mysql://localhost/qaProjectManager</property>				<!-- AS/400 		<property name="hibernate.connection.driver_class">com.ibm.as400.access.AS400JDBCDriver</property>		<property name="hibernate.dialect">org.hibernate.dialect.DB2400Dialect</property>		<property name="hibernate.connection.url">jdbc:as400:192.168.1.4</property>		-->				<property name="hibernate.connection.username">root</property>		<property name="hibernate.connection.password"></property>		<property name="hibernate.show_sql">false</property>	</session-factory>	</hibernate-configuration>