<?xml version="1.0" encoding="ISO-8859-1"?> 

<!-- Generated by OpenXava: Thu Feb 28 12:41:10 LKT 2008 -->

<!DOCTYPE hibernate-mapping SYSTEM "http://hibernate.sourceforge.net/hibernate-mapping-3.0.dtd">

<hibernate-mapping package="org.openxava.qamanager.model">

  <class 
  	name="Holiday"
  	table="HOLIDAY"> 	
		<id name="id" column="ID" access="field" type='java.lang.String' length='50'> 
			<generator class="org.openxava.hibernate.impl.DefaultValueIdentifierGenerator">
				<param name="property">id</param>
			</generator> 
		</id> 	
		<property name="holidayDate" access="field" type='java.sql.Date' length='10'>
		 	<column name="HOLIDAY_DATE"  />
		</property> 	
		<property name="description" access="field" type='java.lang.String' length='100'>
		 	<column name="DESCRIPTION"  />
		</property> 
		<many-to-one name="country" column="COUNTRY_ID" class="org.openxava.qamanager.model.Country"  access="field"/> 
		<many-to-one name="holidayType" column="HOLIDAY_TYPE_ID" class="org.openxava.qamanager.model.HolidayType"  access="field"/> 
  </class>

</hibernate-mapping>