<?xml version="1.0" encoding="ISO-8859-1"?> 

<!-- Generated by OpenXava: Thu Feb 28 12:41:10 LKT 2008 -->

<!DOCTYPE hibernate-mapping SYSTEM "http://hibernate.sourceforge.net/hibernate-mapping-3.0.dtd">

<hibernate-mapping package="org.openxava.qamanager.model">

  <class 
  	name="InstalledOS"
  	table="RESOURCE_HARDWARE_OS"> 
		<composite-id> 	
			<key-many-to-one name="resourceHardware" class="org.openxava.qamanager.model.ResourceHardware"> 			
				<column name="RESOURCE_HARDWARE_ID"/> 						
			</key-many-to-one> 	
			<key-property name="operatingSystem" column="OS" access="field" type='java.lang.String' length='16'/>  	
		</composite-id> 	
		<property name="otherInfo" access="field" type='java.lang.String' length='500'>
		 	<column name="OTHER_INFO"  />
		</property> 
  </class>

</hibernate-mapping>