<?xml version="1.0" encoding="ISO-8859-1"?> 

<!-- Generated by OpenXava: Thu Feb 28 12:41:09 LKT 2008 -->

<!DOCTYPE hibernate-mapping SYSTEM "http://hibernate.sourceforge.net/hibernate-mapping-3.0.dtd">

<hibernate-mapping package="org.openxava.qamanager.model">

  <class 
  	name="LeaveApplicationDetail"
  	table="LEAVE_APPLICATION_DETAIL"> 	
		<id name="id" column="ID" access="field" type='java.lang.String' length='50'> 
			<generator class="org.openxava.hibernate.impl.DefaultValueIdentifierGenerator">
				<param name="property">id</param>
			</generator> 
		</id> 	
		<property name="leaveStartDate" access="field" type='java.sql.Date' length='10'>
		 	<column name="START_DATE"  />
		</property> 	
		<property name="leaveEndDate" access="field" type='java.sql.Date' length='10'>
		 	<column name="END_DATE"  />
		</property> 	
		<property name="leaveStartTime" access="field" type='java.sql.Time' length='5'>
		 	<column name="START_TIME"  />
		</property> 	
		<property name="leaveEndTime" access="field" type='java.sql.Time' length='5'>
		 	<column name="END_TIME"  />
		</property> 
		<many-to-one name="leaveType" column="LEAVE_TYPE_ID" class="org.openxava.qamanager.model.LeaveType"  access="field"/> 
		<many-to-one name="leaveApplication" column="LEAVE_APPLICATION_ID" class="org.openxava.qamanager.model.LeaveApplication"  access="field"/> 
  </class>

</hibernate-mapping>