<?xml version="1.0" encoding="ISO-8859-1"?> 

<!-- Generated by OpenXava: Thu Feb 28 12:41:09 LKT 2008 -->

<!DOCTYPE hibernate-mapping SYSTEM "http://hibernate.sourceforge.net/hibernate-mapping-3.0.dtd">

<hibernate-mapping package="org.openxava.qamanager.model">

  <class 
  	name="LeaveApplication"
  	table="LEAVE_APPLICATION"> 	
		<id name="id" column="ID" access="field" type='java.lang.String' length='50'> 
			<generator class="org.openxava.hibernate.impl.DefaultValueIdentifierGenerator">
				<param name="property">id</param>
			</generator> 
		</id> 	
		<property name="leaveApplicationDate" access="field" type='java.sql.Date' length='10'>
		 	<column name="APPLICATION_DATE"  />
		</property> 	
		<property name="leaveApplicationStatus" access="field" type='java.lang.String' precision='20' scale='0'>
		 	<column name="APPLICATION_STATUS"  check='APPLICATION_STATUS between 0 and 5' />
		</property> 	
		<property name="approvalComment" access="field" type='java.lang.String' length='500'>
		 	<column name="APPROVAL_COMMENT"  />
		</property> 	
		<property name="applicantComment" access="field" type='java.lang.String' length='500'>
		 	<column name="APPLICANT_COMMENT"  />
		</property> 
		<many-to-one name="approveByLevel1" column="APPROVAL_LEVEL1_ID" class="org.openxava.qamanager.model.Resource"  access="field"/> 
		<many-to-one name="projectContact" column="PROJECT_CONTACT_ID" class="org.openxava.qamanager.model.Resource"  access="field"/> 
		<many-to-one name="approveByLevel2" column="APPROVAL_LEVEL2_ID" class="org.openxava.qamanager.model.Resource"  access="field"/> 
		<many-to-one name="applicant" column="APPLICANT_ID" class="org.openxava.qamanager.model.Resource"  access="field"/>  
		<set name="leaveApplicationDetails" order-by="ID" cascade='delete' inverse='true'>
			<key column="LEAVE_APPLICATION_ID"/>
			<one-to-many class="LeaveApplicationDetail"/>
		</set> 
  </class>

</hibernate-mapping>