<?xml version="1.0" encoding="ISO-8859-1"?> 

<!-- Generated by OpenXava: Thu Feb 28 12:41:09 LKT 2008 -->

<!DOCTYPE hibernate-mapping SYSTEM "http://hibernate.sourceforge.net/hibernate-mapping-3.0.dtd">

<hibernate-mapping package="org.openxava.qamanager.model">

  <class 
  	name="LeaveAllocation"
  	table="LEAVE_ALLOCATION"> 
		<composite-id> 	
			<key-many-to-one name="resource" class="org.openxava.qamanager.model.Resource"> 			
				<column name="RESOURCE_POOL_ID"/> 						
			</key-many-to-one> 	
			<key-many-to-one name="leaveType" class="org.openxava.qamanager.model.LeaveType"> 			
				<column name="LEAVE_TYPE_ID"/> 						
			</key-many-to-one> 	
			<key-property name="leaveYear" column="LEAVE_YEAR" access="field" type='int' length='4'/>  	
		</composite-id> 	
		<property name="noOfDays" access="field" type='java.lang.Integer' precision='3' scale='0'>
		 	<column name="NO_OF_DAYS"  />
		</property> 	
		<property name="description" access="field" type='java.lang.String' length='100'>
		 	<column name="DESCRIPTION"  />
		</property> 
  </class>

</hibernate-mapping>