<?xml version="1.0" encoding="ISO-8859-1"?> 

<!-- Generated by OpenXava: Thu Feb 28 12:41:09 LKT 2008 -->

<!DOCTYPE hibernate-mapping SYSTEM "http://hibernate.sourceforge.net/hibernate-mapping-3.0.dtd">

<hibernate-mapping package="org.openxava.qamanager.model">

  <class 
  	name="ProjectRiskAction"
  	table="PROJECT_RISK_ACTION"> 	
		<id name="riskActionID" column="RISK_ACTION_ID" access="field" type='java.lang.String' length='50'> 
			<generator class="org.openxava.hibernate.impl.DefaultValueIdentifierGenerator">
				<param name="property">riskActionID</param>
			</generator> 
		</id> 	
		<property name="riskActionDescription" access="field" type='java.lang.String' length='500'>
		 	<column name="DESCRIPTION"  />
		</property> 
		<many-to-one name="projectRisk" column="PROJECT_RISK_ID" class="org.openxava.qamanager.model.ProjectRisk"  access="field"/> 
  </class>

</hibernate-mapping>