<?xml version="1.0" encoding="ISO-8859-1"?> 

<!-- Generated by OpenXava: Thu Feb 28 12:41:08 LKT 2008 -->

<!DOCTYPE hibernate-mapping SYSTEM "http://hibernate.sourceforge.net/hibernate-mapping-3.0.dtd">

<hibernate-mapping package="org.openxava.qamanager.model">

  <class 
  	name="ProjectRisk"
  	table="PROJECT_RISK"> 	
		<id name="riskID" column="PROJECT_RISK_ID" access="field" type='java.lang.String' length='50'> 
			<generator class="org.openxava.hibernate.impl.DefaultValueIdentifierGenerator">
				<param name="property">riskID</param>
			</generator> 
		</id> 	
		<property name="riskName" access="field" type='java.lang.String' length='100'>
		 	<column name="RISK"  />
		</property> 	
		<property name="riskImpact" access="field" type='java.lang.Integer' precision='18' scale='0'>
		 	<column name="IMPACT"  check='IMPACT between 1 and 4' />
		</property> 	
		<property name="riskLikelihood" access="field" type='java.lang.Integer' precision='22' scale='0'>
		 	<column name="LIKELIHOOD"  check='LIKELIHOOD between 1 and 4' />
		</property> 	
		<property name="riskImpactLikelihood" access="field" type='java.lang.Integer' precision='2' scale='0'>
		 	<column name="IMPACTLIKELIHOOD"  />
		</property> 	
		<property name="riskMitigation" access="field" type='java.lang.String' length='500'>
		 	<column name="MITIGATIONS"  />
		</property> 	
		<property name="riskReported" access="field" type='java.sql.Date' length='10'>
		 	<column name="REPORTED"  />
		</property> 	
		<property name="riskScheduledClose" access="field" type='java.sql.Date' length='10'>
		 	<column name="SCHEDULED_CLOSE"  />
		</property> 	
		<property name="riskActualClose" access="field" type='java.sql.Date' length='10'>
		 	<column name="ACTUAL_CLOSE"  />
		</property> 	
		<property name="riskComment" access="field" type='java.lang.String' length='500'>
		 	<column name="COMMENTS"  />
		</property> 	
		<property name="riskStatus" access="field" type='java.lang.String' precision='19' scale='0'>
		 	<column name="RISK_STATUS"  check='RISK_STATUS between 0 and 5' />
		</property> 
		<many-to-one name="riskReporter" column="RESOURCE_POOL_ID_REPORTER" class="org.openxava.qamanager.model.Resource"  access="field"/> 
		<many-to-one name="riskOwner" column="RESOURCE_POOL_ID_OWNER" class="org.openxava.qamanager.model.Resource"  access="field"/> 
		<many-to-one name="qaProject" column="QA_PROJECT_ID" class="org.openxava.qamanager.model.QaProject"  access="field"/>  
		<set name="projectRiskActions" order-by="RISK_ACTION_ID" cascade='delete' inverse='true'>
			<key column="PROJECT_RISK_ID"/>
			<one-to-many class="ProjectRiskAction"/>
		</set> 
  </class>

</hibernate-mapping>