<?xml version="1.0" encoding="ISO-8859-1"?> 

<!-- Generated by OpenXava: Thu Feb 28 12:41:10 LKT 2008 -->

<!DOCTYPE hibernate-mapping SYSTEM "http://hibernate.sourceforge.net/hibernate-mapping-3.0.dtd">

<hibernate-mapping package="org.openxava.qamanager.model">

  <class 
  	name="ProjectHardware"
  	table="RESOURCE_HARDWARE_PROJECT"> 
		<composite-id> 	
			<key-many-to-one name="resourceHardware" class="org.openxava.qamanager.model.ResourceHardware"> 			
				<column name="RESOURCE_HARDWARE_ID"/> 						
			</key-many-to-one> 	
			<key-many-to-one name="qaProject" class="org.openxava.qamanager.model.QaProject"> 			
				<column name="QA_PROJECT_ID"/> 						
			</key-many-to-one>  	
		</composite-id> 	
		<property name="requestedDate" access="field" type='java.sql.Date' length='10'>
		 	<column name="REQUESTED"  />
		</property> 	
		<property name="scheduledStartDate" access="field" type='java.sql.Date' length='10'>
		 	<column name="SCHEDULED_START"  />
		</property> 	
		<property name="scheduledReleaseDate" access="field" type='java.sql.Date' length='10'>
		 	<column name="SCHEDULED_RELEASE"  />
		</property> 	
		<property name="actualStartDate" access="field" type='java.sql.Date' length='10'>
		 	<column name="ACTUAL_START"  />
		</property> 	
		<property name="actualReleaseDate" access="field" type='java.sql.Date' length='10'>
		 	<column name="ACTUAL_RELEASE"  />
		</property> 	
		<property name="softwareUgage" access="field" type='java.lang.String' length='500'>
		 	<column name="SOFTWARE_USAGE"  />
		</property> 	
		<property name="severity" access="field" type='java.lang.String' precision='6' scale='0'>
		 	<column name="SEVERITY"  check='SEVERITY between 0 and 3' />
		</property> 	
		<property name="currentStatus" access="field" type='java.lang.String' precision='8' scale='0'>
		 	<column name="CURRENT_STATUS"  check='CURRENT_STATUS between 0 and 3' />
		</property> 
		<many-to-one name="requester" column="REQUESTER_ID" class="org.openxava.qamanager.model.Resource"  access="field"/> 
  </class>

</hibernate-mapping>