<?xml version="1.0" encoding="ISO-8859-1"?> 

<!-- Generated by OpenXava: Tue Sep 04 17:54:12 LKT 2007 -->

<!DOCTYPE hibernate-mapping SYSTEM "http://hibernate.sourceforge.net/hibernate-mapping-3.0.dtd">

<hibernate-mapping package="org.openxava.qamanager.model">

  <class 
  	name="QAProject"
  	table="QA_PROJECT"> 	
		<id name="id" column="ID" access="field" type='java.lang.String' length='5'> 
			<generator class="assigned"/> 
		</id> 	
		<property name="name" access="field" type='java.lang.String' length='50'>
		 	<column name="NAME"  />
		</property> 	
		<property name="scheduledStart" access="field" type='java.sql.Date' length='10'>
		 	<column name="SCHEDULED_START"  />
		</property> 	
		<property name="scheduledEnd" access="field" type='java.sql.Date' length='10'>
		 	<column name="SCHEDULED_END"  />
		</property> 	
		<property name="actualStart" access="field" type='java.sql.Date' length='10'>
		 	<column name="ACTUAL_START"  />
		</property> 	
		<property name="actualEnd" access="field" type='java.sql.Date' length='10'>
		 	<column name="ACTUAL_END"  />
		</property> 	
		<property name="description" access="field" type='java.lang.String' length='250'>
		 	<column name="DESCRIPTION"  />
		</property> 	
		<property name="skillRequired" access="field" type='java.lang.String' length='500'>
		 	<column name="SKILL_REQUIRED"  />
		</property> 	
		<property name="environmentDetails" access="field" type='java.lang.String' length='500'>
		 	<column name="ENV_DETAILS"  />
		</property> 	
		<property name="reasonDelay" access="field" type='java.lang.String' length='500'>
		 	<column name="REASON_DELAY"  />
		</property> 
		<many-to-one name="projectType" column="PROJECT_TYPE" class="org.openxava.qamanager.model.ProjectType"  access="field"/> 
		<many-to-one name="customer" column="CUSTOMER" class="org.openxava.qamanager.model.Customer"  access="field"/> 
		<many-to-one name="status" column="STATUS" class="org.openxava.qamanager.model.ProjectStatus"  access="field"/> 
  </class>

</hibernate-mapping>