<?xml version="1.0" encoding="ISO-8859-1"?> 

<!-- Generated by OpenXava: Thu Feb 28 12:41:08 LKT 2008 -->

<!DOCTYPE hibernate-mapping SYSTEM "http://hibernate.sourceforge.net/hibernate-mapping-3.0.dtd">

<hibernate-mapping package="org.openxava.qamanager.model">

  <class 
  	name="QaProject"
  	table="QA_PROJECT"> 	
		<id name="id" column="ID" access="field" type='java.lang.String' length='5'> 
			<generator class="assigned"/> 
		</id> 	
		<property name="name" access="field" type='java.lang.String' length='50'>
		 	<column name="NAME"  />
		</property> 	
		<property name="scheduledStart" access="field" type='java.sql.Date' length='10'>
		 	<column name="SCHEDULED_START"  />
		</property> 	
		<property name="scheduledEnd" access="field" type='java.sql.Date' length='10'>
		 	<column name="SCHEDULED_END"  />
		</property> 	
		<property name="actualStart" access="field" type='java.sql.Date' length='10'>
		 	<column name="ACTUAL_START"  />
		</property> 	
		<property name="actualEnd" access="field" type='java.sql.Date' length='10'>
		 	<column name="ACTUAL_END"  />
		</property> 	
		<property name="description" access="field" type='java.lang.String' length='250'>
		 	<column name="DESCRIPTION"  />
		</property> 	
		<property name="skillRequired" access="field" type='java.lang.String' length='500'>
		 	<column name="SKILL_REQUIRED"  />
		</property> 	
		<property name="environmentDetails" access="field" type='java.lang.String' length='500'>
		 	<column name="ENV_DETAILS"  />
		</property> 	
		<property name="reasonDelay" access="field" type='java.lang.String' length='500'>
		 	<column name="REASON_DELAY"  />
		</property> 	
		<property name="created" access="field" type='java.sql.Date' length='10'>
		 	<column name="CREATED"  />
		</property> 	
		<property name="modified" access="field" type='java.sql.Date' length='10'>
		 	<column name="MODIFIED"  />
		</property> 
		<many-to-one name="projectType" column="PROJECT_TYPE" class="org.openxava.qamanager.model.ProjectType"  access="field"/> 
		<many-to-one name="customer" column="CUSTOMER" class="org.openxava.qamanager.model.Customer"  access="field"/> 
		<many-to-one name="status" column="STATUS" class="org.openxava.qamanager.model.ProjectStatus"  access="field"/>  
		<set name="contacts" order-by="ID" cascade='delete' inverse='true'>
			<key column="PROJECT"/>
			<one-to-many class="ProjectContact"/>
		</set>  
		<set name="documentReview" order-by="ID" cascade='delete' inverse='true'>
			<key column="QA_PROJECT_ID"/>
			<one-to-many class="DocumentReview"/>
		</set>  
		<set name="testCases" order-by="ID" cascade='delete' inverse='true'>
			<key column="QA_PROJECT_ID"/>
			<one-to-many class="TestCase"/>
		</set>  
		<set name="projectRisks" order-by="PROJECT_RISK_ID" cascade='delete' inverse='true'>
			<key column="QA_PROJECT_ID"/>
			<one-to-many class="ProjectRisk"/>
		</set>  
		<set name="projectDiaries" order-by="EVENT_DATE" cascade='delete' inverse='true'>
			<key column="QA_PROJECT_ID"/>
			<one-to-many class="ProjectDiary"/>
		</set> 
  </class>

</hibernate-mapping>