<?xml version="1.0" encoding="ISO-8859-1"?> 

<!-- Generated by OpenXava: Thu Jul 19 14:32:06 LKT 2007 -->

<!DOCTYPE hibernate-mapping SYSTEM "http://hibernate.sourceforge.net/hibernate-mapping-3.0.dtd">

<hibernate-mapping package="org.openxava.qamanager.model">

  <class 
  	name="ReleaseManager"
  	table="MYSCHEMA_MYTABLE"> 	
		<id name="number" column="NUMBER" access="field" type='java.lang.String' length='5'> 
			<generator class="assigned"/> 
		</id> 	
		<property name="name" access="field" type='java.lang.String' length='40'>
		 	<column name="NAME"  />
		</property> 
  </class>

</hibernate-mapping>