<?xml version="1.0" encoding="ISO-8859-1"?> 

<!-- Generated by OpenXava: Mon Jul 23 12:07:11 LKT 2007 -->

<!DOCTYPE hibernate-mapping SYSTEM "http://hibernate.sourceforge.net/hibernate-mapping-3.0.dtd">

<hibernate-mapping package="org.openxava.qamanager.model">

  <class 
  	name="ResourcePool"
  	table="RESOURCE_POOL"> 	
		<id name="id" column="ID" access="field" type='java.lang.String' length='10'> 
			<generator class="assigned"/> 
		</id> 	
		<property name="name" access="field" type='java.lang.String' length='100'>
		 	<column name="NAME"  />
		</property> 	
		<property name="image" access="field" type='byte[]' length='-1'>
		 	<column name="IMAGE"  />
		</property> 	
		<property name="addressHome" access="field" type='java.lang.String' length='500'>
		 	<column name="ADDRESS_HOME"  />
		</property> 	
		<property name="addressContact" access="field" type='java.lang.String' length='500'>
		 	<column name="ADDRESS_CONTACT"  />
		</property> 	
		<property name="telephoneHome" access="field" type='java.lang.String' length='20'>
		 	<column name="TELEPHONE_HOME"  />
		</property> 	
		<property name="telephoneMobile" access="field" type='java.lang.String' length='20'>
		 	<column name="TELEPHONE_MOBILE"  />
		</property> 	
		<property name="email" access="field" type='java.lang.String' length='50'>
		 	<column name="EMAIL"  />
		</property> 	
		<property name="extension" access="field" type='java.lang.Integer' precision='3' scale='0'>
		 	<column name="EXTENSION"  />
		</property> 	
		<property name="chatID" access="field" type='java.lang.String' length='50'>
		 	<column name="CHATID"  />
		</property> 	
		<property name="dateJoined" access="field" type='java.sql.Date' length='10'>
		 	<column name="JOINED"  />
		</property> 	
		<property name="dateResigned" access="field" type='java.sql.Date' length='10'>
		 	<column name="RESIGNED"  />
		</property> 	
		<property name="dateRejoined" access="field" type='java.sql.Date' length='10'>
		 	<column name="REJOINED"  />
		</property> 	
		<property name="qualification" access="field" type='java.lang.String' length='500'>
		 	<column name="QUALIFICATION"  />
		</property> 	
		<property name="photoes" access="field" type='java.lang.String' length='50'>
		 	<column name="GALLERY"  />
		</property> 
		<many-to-one name="designation" column="DESIGNATION_ID" class="org.openxava.qamanager.model.Designation"  access="field"/> 
		<many-to-one name="status" column="STATUS" class="org.openxava.qamanager.model.ResourceStatus"  access="field"/> 
  </class>

</hibernate-mapping>