<?xml version="1.0" encoding="ISO-8859-1"?> 

<!-- Generated by OpenXava: Thu Feb 28 12:41:09 LKT 2008 -->

<!DOCTYPE hibernate-mapping SYSTEM "http://hibernate.sourceforge.net/hibernate-mapping-3.0.dtd">

<hibernate-mapping package="org.openxava.qamanager.model">

  <class 
  	name="ResourceAllocation1"
  	table="RESOURCE_ALLOCATION"> 
		<composite-id> 	
			<key-many-to-one name="testCycle" class="org.openxava.qamanager.model.TestCycle"> 			
				<column name="RELEASETAG"/> 			
				<column name="PROJECT"/> 						
			</key-many-to-one>  	
		</composite-id> 	
		<property name="scheduledStart" access="field" type='java.sql.Date' length='10'>
		 	<column name="SCHEDULED_START"  />
		</property> 	
		<property name="actualStart" access="field" type='java.sql.Date' length='10'>
		 	<column name="SCHEDULED_END"  />
		</property> 	
		<property name="scheduledEnd" access="field" type='java.sql.Date' length='10'>
		 	<column name="ACTUAL_START"  />
		</property> 	
		<property name="actualEnd" access="field" type='java.sql.Date' length='10'>
		 	<column name="ACTUAL_END"  />
		</property> 	
		<property name="reasonDelay" access="field" type='java.lang.String' length='500'>
		 	<column name="REASON_DELAY"  />
		</property> 	
		<property name="resourceComment" access="field" type='java.lang.String' length='500'>
		 	<column name="RESOURCE_COMMENT"  />
		</property> 
		<many-to-one name="role" column="ROLE" class="org.openxava.qamanager.model.RoleDefinition"  access="field"/> 
		<many-to-one name="status" column="STATUS" class="org.openxava.qamanager.model.ResourceStatus"  access="field"/> 
		<many-to-one name="resource" column="RESOURCE_ID" class="org.openxava.qamanager.model.Resource"  access="field"/> 
  </class>

</hibernate-mapping>