<?xml version="1.0" encoding="ISO-8859-1"?> 

<!-- Generated by OpenXava: Thu Feb 28 12:41:10 LKT 2008 -->

<!DOCTYPE hibernate-mapping SYSTEM "http://hibernate.sourceforge.net/hibernate-mapping-3.0.dtd">

<hibernate-mapping package="org.openxava.qamanager.model">

  <class 
  	name="ResourceDiary"
  	table="RESOURCE_DIARY"> 	
		<id name="date" column="EVENT_DATE" access="field" type='java.util.Date' length='10'> 
			<generator class="assigned"/> 
		</id> 	
		<property name="title" access="field" type='java.lang.String' length='80'>
		 	<column name="TITLE"  />
		</property> 	
		<property name="remarks" access="field" type='java.lang.String' length='500'>
		 	<column name="REMARK"  />
		</property> 	
		<property name="created" access="field" type='java.sql.Date' length='10'>
		 	<column name="CREATED"  />
		</property> 	
		<property name="modified" access="field" type='java.sql.Date' length='10'>
		 	<column name="MODIFIED"  />
		</property> 
		<many-to-one name="resource" column="RESOURCE_POOL_ID" class="org.openxava.qamanager.model.Resource"  access="field"/> 
  </class>

</hibernate-mapping>