<?xml version="1.0" encoding="ISO-8859-1"?> 

<!-- Generated by OpenXava: Thu Feb 28 12:41:10 LKT 2008 -->

<!DOCTYPE hibernate-mapping SYSTEM "http://hibernate.sourceforge.net/hibernate-mapping-3.0.dtd">

<hibernate-mapping package="org.openxava.qamanager.model">

  <class 
  	name="ResourceHardware"
  	table="RESOURCE_HARDWARE"> 	
		<id name="id" column="ID" access="field" type='java.lang.String' length='50'> 
			<generator class="org.openxava.hibernate.impl.DefaultValueIdentifierGenerator">
				<param name="property">id</param>
			</generator> 
		</id> 	
		<property name="resHWIP" access="field" type='java.lang.String' length='15'>
		 	<column name="IP"  />
		</property> 	
		<property name="resHWNAME" access="field" type='java.lang.String' length='20'>
		 	<column name="NAME"  />
		</property> 	
		<property name="resHWHDD" access="field" type='java.lang.String' length='10'>
		 	<column name="HDD"  />
		</property> 	
		<property name="resHWRAM" access="field" type='java.lang.String' length='10'>
		 	<column name="RAM"  />
		</property> 	
		<property name="resHWProcessor" access="field" type='java.lang.String' length='10'>
		 	<column name="PROCESSOR"  />
		</property> 	
		<property name="resHWOther" access="field" type='java.lang.String' length='500'>
		 	<column name="OTHER"  />
		</property> 
		<many-to-one name="resHWOwner" column="OWNER_ID" class="org.openxava.qamanager.model.Resource"  access="field"/>  
		<set name="installedOSs" order-by="RESOURCE_HARDWARE_ID, OS" cascade='delete' inverse='true'>
			<key column="RESOURCE_HARDWARE_ID"/>
			<one-to-many class="InstalledOS"/>
		</set>  
		<set name="projectHardwares" order-by="RESOURCE_HARDWARE_ID, QA_PROJECT_ID" cascade='delete' inverse='true'>
			<key column="RESOURCE_HARDWARE_ID"/>
			<one-to-many class="ProjectHardware"/>
		</set> 
  </class>

</hibernate-mapping>