<?xml version="1.0" encoding="ISO-8859-1"?> 

<!-- Generated by OpenXava: Thu Feb 28 12:41:10 LKT 2008 -->

<!DOCTYPE hibernate-mapping SYSTEM "http://hibernate.sourceforge.net/hibernate-mapping-3.0.dtd">

<hibernate-mapping package="org.openxava.qamanager.model">

  <class 
  	name="Resource"
  	table="RESOURCE_POOL"> 	
		<id name="id" column="ID" access="field" type='java.lang.String' length='10'> 
			<generator class="assigned"/> 
		</id> 	
		<property name="name" access="field" type='java.lang.String' length='50'>
		 	<column name="NAME"  />
		</property> 	
		<property name="image" access="field" type='byte[]' length='-1'>
		 	<column name="IMAGE"  />
		</property> 	
		<property name="addressHome" access="field" type='java.lang.String' length='150'>
		 	<column name="ADDRESS_HOME"  />
		</property> 	
		<property name="addressContact" access="field" type='java.lang.String' length='150'>
		 	<column name="ADDRESS_CONTACT"  />
		</property> 	
		<property name="telephoneHome" access="field" type='java.lang.String' length='15'>
		 	<column name="TELEPHONE_HOME"  />
		</property> 	
		<property name="telephoneMobile" access="field" type='java.lang.String' length='15'>
		 	<column name="TELEPHONE_MOBILE"  />
		</property> 	
		<property name="telephoneEmergency" access="field" type='java.lang.String' length='15'>
		 	<column name="TELEPHONE_EMERGENCY"  />
		</property> 	
		<property name="email" access="field" type='java.lang.String' length='50'>
		 	<column name="EMAIL"  />
		</property> 	
		<property name="extension" access="field" type='java.lang.Integer' precision='3' scale='0'>
		 	<column name="EXTENSION"  />
		</property> 	
		<property name="chatID" access="field" type='java.lang.String' length='50'>
		 	<column name="CHATID"  />
		</property> 	
		<property name="dateJoined" access="field" type='java.sql.Date' length='10'>
		 	<column name="JOINED"  />
		</property> 	
		<property name="dateResigned" access="field" type='java.sql.Date' length='10'>
		 	<column name="RESIGNED"  />
		</property> 	
		<property name="dateRejoined" access="field" type='java.sql.Date' length='10'>
		 	<column name="REJOINED"  />
		</property> 	
		<property name="dateOfBirth" access="field" type='java.sql.Date' length='10'>
		 	<column name="DOB"  />
		</property> 	
		<property name="dateConfirmation" access="field" type='java.sql.Date' length='10'>
		 	<column name="CONFIRMATION"  />
		</property> 	
		<property name="dateLastPromotion" access="field" type='java.sql.Date' length='10'>
		 	<column name="LASTPROMOTION"  />
		</property> 	
		<property name="nicNumber" access="field" type='java.lang.String' length='20'>
		 	<column name="NIC_NUMBER"  />
		</property> 	
		<property name="gender" access="field" type='java.lang.String' precision='6' scale='0'>
		 	<column name="GENDER"  check='GENDER between 0 and 2' />
		</property> 	
		<property name="civilStatus" access="field" type='java.lang.String' precision='7' scale='0'>
		 	<column name="CIVIL_STATUS"  check='CIVIL_STATUS between 0 and 2' />
		</property> 	
		<property name="qualification" access="field" type='java.lang.String' length='500'>
		 	<column name="QUALIFICATION"  />
		</property> 	
		<property name="photoes" access="field" type='java.lang.String' length='50'>
		 	<column name="GALLERY"  />
		</property> 	
		<property name="created" access="field" type='java.sql.Date' length='10'>
		 	<column name="CREATED"  />
		</property> 	
		<property name="modified" access="field" type='java.sql.Date' length='10'>
		 	<column name="MODIFIED"  />
		</property> 
		<many-to-one name="country" column="COUNTRY" class="org.openxava.qamanager.model.Country"  access="field"/> 
		<many-to-one name="designation" column="DESIGNATION_ID" class="org.openxava.qamanager.model.Designation"  access="field"/> 
		<many-to-one name="status" column="STATUS" class="org.openxava.qamanager.model.ResourceStatus"  access="field"/>  
		<set name="projects" order-by="RELEASETAG, PROJECT, RESOURCE_ID"  inverse='true'>
			<key column="RESOURCE_ID"/>
			<one-to-many class="ResourceAllocation"/>
		</set>  
		<set name="resourceDiary" order-by="EVENT_DATE" cascade='delete' inverse='true'>
			<key column="RESOURCE_POOL_ID"/>
			<one-to-many class="ResourceDiary"/>
		</set> 
  </class>

</hibernate-mapping>