<?xml version="1.0" encoding="ISO-8859-1"?> 

<!-- Generated by OpenXava: Thu Feb 28 12:41:09 LKT 2008 -->

<!DOCTYPE hibernate-mapping SYSTEM "http://hibernate.sourceforge.net/hibernate-mapping-3.0.dtd">

<hibernate-mapping package="org.openxava.qamanager.model">

  <class 
  	name="SoftwareRelease1"
  	table="SOFTWARE_RELEASE"> 
		<composite-id> 	
			<key-many-to-one name="testCycle" class="org.openxava.qamanager.model.TestCycle"> 			
				<column name="RELEASETAG"/> 			
				<column name="PROJECT"/> 						
			</key-many-to-one>  	
		</composite-id> 	
		<property name="requestedShipping" access="field" type='java.sql.Date' length='10'>
		 	<column name="REQUESTED_SHIP"  />
		</property> 	
		<property name="actualShipping" access="field" type='java.sql.Date' length='10'>
		 	<column name="ACTUAL_SHIP"  />
		</property> 	
		<property name="reasonDelay" access="field" type='java.lang.String' length='500'>
		 	<column name="REASON_DELAY"  />
		</property> 	
		<property name="remarks" access="field" type='java.lang.String' length='500'>
		 	<column name="REMARKS"  />
		</property> 	
		<property name="limitationsAndRestrictions" access="field" type='java.lang.String' length='500'>
		 	<column name="LIMITATION_RESTRICTIONS"  />
		</property> 	
		<property name="engineeringDetails" access="field" type='java.lang.String' length='500'>
		 	<column name="ENGINEERING_DETAILS"  />
		</property> 	
		<property name="outstandingBugs" access="field" type='java.lang.String' length='500'>
		 	<column name="OUTSTANDING_BUGS"  />
		</property> 	
		<property name="receivedLatestSourceDocuments" access="field" type='java.lang.Integer' length='1'>
		 	<column name="RECEIVED_SOURCE_DOCS"  />
		</property> 	
		<property name="functionalityFullyImplemented" access="field" type='java.lang.Integer' length='1'>
		 	<column name="FUNCTIONALITY_COMPLETED"  />
		</property> 	
		<property name="funtionalityFullyTested" access="field" type='java.lang.Integer' length='1'>
		 	<column name="FUNCTIONALITY_TESTED"  />
		</property> 	
		<property name="allUnitTestsPassed" access="field" type='java.lang.Integer' length='1'>
		 	<column name="UNIT_TESTS_PASSED"  />
		</property> 	
		<property name="acceptanceTestsPassed" access="field" type='java.lang.Integer' length='1'>
		 	<column name="ACCEPTANCE_TEST_PASSED"  />
		</property> 	
		<property name="regressionTesting" access="field" type='java.lang.Integer' length='1'>
		 	<column name="REGRESSION_TESTING"  />
		</property> 	
		<property name="stressTesting" access="field" type='java.lang.Integer' length='1'>
		 	<column name="STRESS_TESTING"  />
		</property> 	
		<property name="virusChecked" access="field" type='java.lang.Integer' length='1'>
		 	<column name="VIRUS_CHECKED"  />
		</property> 	
		<property name="severeBugsClosed" access="field" type='java.lang.Integer' length='1'>
		 	<column name="SEVERE_BUGS_CLOSED"  />
		</property> 	
		<property name="userManualsVerified" access="field" type='java.lang.Integer' length='1'>
		 	<column name="MANUALS_VERIFIED"  />
		</property> 	
		<property name="archivalFolder" access="field" type='java.lang.String' length='100'>
		 	<column name="ARCHIVAL_FOLDER"  />
		</property> 	
		<property name="releasedDocument" access="field" type='java.lang.String' length='100'>
		 	<column name="RELEASED_DOCUMENT"  />
		</property> 	
		<property name="releasedSoftware" access="field" type='java.lang.String' length='500'>
		 	<column name="RELEASED_SOFTWARE"  />
		</property> 
		<many-to-one name="requestedBy" column="REQUESTED_BY" class="org.openxava.qamanager.model.Resource"  access="field"/> 
		<many-to-one name="shipmentMethod" column="SHIPMENT_METHOD" class="org.openxava.qamanager.model.ShipmentMethod"  access="field"/> 
		<many-to-one name="releasebyQA" column="RELEASEDBY_QA" class="org.openxava.qamanager.model.Resource"  access="field"/> 
		<many-to-one name="customer" column="CUSTOMER" class="org.openxava.qamanager.model.Customer"  access="field"/> 
		<many-to-one name="releaseType" column="RELEASE_TYPE" class="org.openxava.qamanager.model.ReleaseType"  access="field"/> 
		<many-to-one name="releasebyPM" column="RELEASEDBY_PM" class="org.openxava.qamanager.model.Resource"  access="field"/> 
		<many-to-one name="releasebyEngineering" column="RELEASEDBY_ENG" class="org.openxava.qamanager.model.Resource"  access="field"/> 
  </class>

</hibernate-mapping>