<?xml version = "1.0" encoding = "ISO-8859-1"?>

<!DOCTYPE stereotype-type-default SYSTEM "dtds/stereotype-type-default.dtd">

<stereotype-type-default>

	<for stereotype="PERSON_NAME" type="String"/>
	<for stereotype="TELEPHONE" type="String"/>
    <for stereotype="EMAIL" type="String"/>
    <for stereotype="EMAIL_LIST" type="String"/>
    <for stereotype="WEBURL" type="String"/>
    <for stereotype="ID" type="String"/>
    <for stereotype="NAME" type="String"/>
    <for stereotype="DESCRIPTION" type="String"/>
    <for stereotype="IP" type="String"/>
    <for stereotype="ISBN" type="String"/>
</stereotype-type-default>