<?xml version="1.0" encoding="ISO-8859-1"?> 

<!-- Generated by OpenXava: Thu Feb 28 12:41:08 LKT 2008 -->

<!DOCTYPE hibernate-mapping SYSTEM "http://hibernate.sourceforge.net/hibernate-mapping-3.0.dtd">

<hibernate-mapping package="org.openxava.qamanager.model">

  <class 
  	name="TestCase"
  	table="TESTCASE"> 	
		<id name="ID" column="ID" access="field" type='java.lang.String' length='50'> 
			<generator class="org.openxava.hibernate.impl.DefaultValueIdentifierGenerator">
				<param name="property">ID</param>
			</generator> 
		</id> 	
		<property name="testCaseID" access="field" type='java.lang.String' length='10'>
		 	<column name="TESTCASE_ID"  />
		</property> 	
		<property name="testCaseStatus" access="field" type='java.lang.String' precision='9' scale='0'>
		 	<column name="DOCUMENT_STATUS"  check='DOCUMENT_STATUS between 0 and 3' />
		</property> 	
		<property name="testCaseRequirementID" access="field" type='java.lang.String' length='10'>
		 	<column name="REQUIREMENT_ID"  />
		</property> 	
		<property name="testCaseDescription" access="field" type='java.lang.String' length='500'>
		 	<column name="DESCRIPTION"  />
		</property> 	
		<property name="testCaseTestData" access="field" type='java.lang.String' length='500'>
		 	<column name="TESTDATA"  />
		</property> 	
		<property name="testCasePreRequisite" access="field" type='java.lang.String' length='500'>
		 	<column name="PREREQUISITE"  />
		</property> 	
		<property name="testCaseVersion" access="field" type='java.lang.String' length='10'>
		 	<column name="VERSION"  />
		</property> 	
		<property name="testCasePriority" access="field" type='java.lang.String' precision='10' scale='0'>
		 	<column name="PRIORITY"  check='PRIORITY between 0 and 5' />
		</property> 	
		<property name="testCaseAction" access="field" type='java.lang.String' length='500'>
		 	<column name="ACTION"  />
		</property> 	
		<property name="testCaseExpectedResult" access="field" type='java.lang.String' length='500'>
		 	<column name="EXPECTED_RESULT"  />
		</property> 	
		<property name="testCaseReviewComment" access="field" type='java.lang.String' length='500'>
		 	<column name="REVIEW_COMMENT"  />
		</property> 	
		<property name="created" access="field" type='java.sql.Date' length='10'>
		 	<column name="CREATED"  />
		</property> 	
		<property name="modified" access="field" type='java.sql.Date' length='10'>
		 	<column name="MODIFIED"  />
		</property> 
		<many-to-one name="qaProjectModule" column="QA_PROJECT_MODULE_ID" class="org.openxava.qamanager.model.QaProjectModule"  access="field"/> 
		<many-to-one name="testCaseAuthor" column="AUTHOR_ID" class="org.openxava.qamanager.model.Resource"  access="field"/> 
		<many-to-one name="qaProject" column="QA_PROJECT_ID" class="org.openxava.qamanager.model.QaProject"  access="field"/>  
		<set name="testCaseTests" order-by="ID" cascade='delete' inverse='true'>
			<key column="TESTCASE_ID"/>
			<one-to-many class="TestCaseTest"/>
		</set>  
		<set name="testRuns" order-by="ID" cascade='delete' inverse='true'>
			<key column="TESTCASE_ID"/>
			<one-to-many class="TestRun"/>
		</set> 
  </class>

</hibernate-mapping>