<?xml version="1.0" encoding="ISO-8859-1"?> 

<!-- Generated by OpenXava: Thu Feb 28 12:41:09 LKT 2008 -->

<!DOCTYPE hibernate-mapping SYSTEM "http://hibernate.sourceforge.net/hibernate-mapping-3.0.dtd">

<hibernate-mapping package="org.openxava.qamanager.model">

  <class 
  	name="TestRunTester"
  	table="TESTRUN_TESTER"> 	
		<id name="ID" column="ID" access="field" type='java.lang.String' length='50'> 
			<generator class="org.openxava.hibernate.impl.DefaultValueIdentifierGenerator">
				<param name="property">ID</param>
			</generator> 
		</id> 	
		<property name="testerComment" access="field" type='java.lang.String' length='100'>
		 	<column name="TESTER_COMMENT"  />
		</property> 
		<many-to-one name="tester" column="TESTER_ID" class="org.openxava.qamanager.model.Resource"  access="field"/> 
		<many-to-one name="testRun" column="TEST_RUN_ID" class="org.openxava.qamanager.model.TestRun"  access="field"/> 
  </class>

</hibernate-mapping>