<?xml version="1.0" encoding="ISO-8859-1"?> 

<!-- Generated by OpenXava: Thu Feb 28 12:41:09 LKT 2008 -->

<!DOCTYPE hibernate-mapping SYSTEM "http://hibernate.sourceforge.net/hibernate-mapping-3.0.dtd">

<hibernate-mapping package="org.openxava.qamanager.model">

  <class 
  	name="TestRun"
  	table="TEST_RUN"> 	
		<id name="ID" column="ID" access="field" type='java.lang.String' length='50'> 
			<generator class="org.openxava.hibernate.impl.DefaultValueIdentifierGenerator">
				<param name="property">ID</param>
			</generator> 
		</id> 	
		<property name="testRunDescription" access="field" type='java.lang.String' length='50'>
		 	<column name="DESCRIPTION"  />
		</property> 	
		<property name="scheduledTestDate" access="field" type='java.sql.Date' length='10'>
		 	<column name="SCHEDULED_TEST"  />
		</property> 	
		<property name="actualTestDate" access="field" type='java.sql.Date' length='10'>
		 	<column name="ACTUAL_TEST"  />
		</property> 	
		<property name="testRunStatus" access="field" type='java.lang.String' precision='7' scale='0'>
		 	<column name="TESTRUN_STATUS"  check='TESTRUN_STATUS between 0 and 6' />
		</property> 	
		<property name="remarks" access="field" type='java.lang.String' length='100'>
		 	<column name="REMARK"  />
		</property> 	
		<property name="finalResult" access="field" type='java.lang.String' length='500'>
		 	<column name="FINAL_RESULT"  />
		</property> 
		<many-to-one name="testCase" column="TESTCASE_ID" class="org.openxava.qamanager.model.TestCase"  access="field"/>  
		<set name="testRunTesters" order-by="ID" cascade='delete' inverse='true'>
			<key column="TEST_RUN_ID"/>
			<one-to-many class="TestRunTester"/>
		</set> 
  </class>

</hibernate-mapping>