<?xml version="1.0" encoding="ISO-8859-1"?> 

<!-- Generated by OpenXava: Thu Feb 28 12:41:08 LKT 2008 -->

<!DOCTYPE hibernate-mapping SYSTEM "http://hibernate.sourceforge.net/hibernate-mapping-3.0.dtd">

<hibernate-mapping package="org.openxava.qamanager.model">

  <class 
  	name="TestCoverage"
  	table="TESTCOVERAGE"> 	
		<id name="id" column="ID" access="field" type='java.lang.String' length='50'> 
			<generator class="org.openxava.hibernate.impl.DefaultValueIdentifierGenerator">
				<param name="property">id</param>
			</generator> 
		</id> 	
		<property name="testCaseID" access="field" type='java.lang.String' length='10'>
		 	<column name="TESTCASE_ID"  />
		</property> 	
		<property name="status" access="field" type='java.lang.String' precision='11' scale='0'>
		 	<column name="TESTCASE_STATUS"  check='TESTCASE_STATUS between 0 and 5' />
		</property> 	
		<property name="priority" access="field" type='java.lang.String' precision='6' scale='0'>
		 	<column name="PRIORITY"  check='PRIORITY between 0 and 3' />
		</property> 	
		<property name="testCaseDescription" access="field" type='java.lang.String' length='500'>
		 	<column name="TEST_DESCRIPTION"  />
		</property> 	
		<property name="actualResult" access="field" type='java.lang.String' length='500'>
		 	<column name="ACTUAL_RESULT"  />
		</property> 	
		<property name="scheduledDate" access="field" type='java.sql.Date' length='10'>
		 	<column name="SCHEDULED"  />
		</property> 	
		<property name="executedDate" access="field" type='java.sql.Date' length='10'>
		 	<column name="EXECUTED"  />
		</property> 	
		<property name="tcCreatedDate" access="field" type='java.sql.Date' length='10'>
		 	<column name="CREATED"  />
		</property> 	
		<property name="tcModifiedDate" access="field" type='java.sql.Date' length='10'>
		 	<column name="MODIFIED"  />
		</property> 	
		<property name="comment" access="field" type='java.lang.String' length='3000'>
		 	<column name="TEST_COMMENT"  />
		</property> 
		<many-to-one name="tester" column="TESTER_ID" class="org.openxava.qamanager.model.Resource"  access="field"/> 
		<many-to-one name="tcCoverageModule" column="TESTCOVERAGE_MODULE_ID" class="org.openxava.qamanager.model.TestCoverageModule"  access="field"/> 
  </class>

</hibernate-mapping>