<?xml version="1.0" encoding="ISO-8859-1"?> 

<!-- Generated by OpenXava: Thu Feb 28 12:41:09 LKT 2008 -->

<!DOCTYPE hibernate-mapping SYSTEM "http://hibernate.sourceforge.net/hibernate-mapping-3.0.dtd">

<hibernate-mapping package="org.openxava.qamanager.model">

  <class 
  	name="TestCaseTest"
  	table="TESTCASE_TEST"> 	
		<id name="ID" column="ID" access="field" type='java.lang.String' length='50'> 
			<generator class="org.openxava.hibernate.impl.DefaultValueIdentifierGenerator">
				<param name="property">ID</param>
			</generator> 
		</id> 	
		<property name="testNumber" access="field" type='java.lang.Integer' precision='2' scale='0'>
		 	<column name="TEST_NUMBER"  />
		</property> 	
		<property name="testDescription" access="field" type='java.lang.String' length='500'>
		 	<column name="DESCRIPTION"  />
		</property> 	
		<property name="testExpectedResult" access="field" type='java.lang.String' length='500'>
		 	<column name="EXPECTED_RESULT"  />
		</property> 
		<many-to-one name="testCase" column="TESTCASE_ID" class="org.openxava.qamanager.model.TestCase"  access="field"/> 
  </class>

</hibernate-mapping>