<?xml version="1.0" encoding="ISO-8859-1"?> 

<!-- Generated by OpenXava: Thu Feb 28 12:41:09 LKT 2008 -->

<!DOCTYPE hibernate-mapping SYSTEM "http://hibernate.sourceforge.net/hibernate-mapping-3.0.dtd">

<hibernate-mapping package="org.openxava.qamanager.model">

  <class 
  	name="TestCycle"
  	table="TEST_CYCLE"> 
		<composite-id> 	
			<key-property name="releaseTag" column="RELEASETAG" access="field" type='java.lang.String' length='10'/> 	
			<key-many-to-one name="project" class="org.openxava.qamanager.model.QaProject"> 			
				<column name="PROJECT"/> 						
			</key-many-to-one>  	
		</composite-id> 	
		<property name="scheduledEngRelease" access="field" type='java.sql.Date' length='10'>
		 	<column name="SCHEDULED_ENG_RELEASE"  />
		</property> 	
		<property name="actualEngRelease" access="field" type='java.sql.Date' length='10'>
		 	<column name="ACTUAL_ENG_RELEASE"  />
		</property> 	
		<property name="delayEngRelease" access="field" type='java.lang.Integer' precision='3' scale='0'>
		 	<column name="ENGRELEASE_DELAY"  />
		</property> 	
		<property name="scheduledQAStart" access="field" type='java.sql.Date' length='10'>
		 	<column name="SCHEDULED_QA_START"  />
		</property> 	
		<property name="actualQAStart" access="field" type='java.sql.Date' length='10'>
		 	<column name="ACTUAL_QA_START"  />
		</property> 	
		<property name="scheduledQAEnd" access="field" type='java.sql.Date' length='10'>
		 	<column name="SCHEDULED_QA_END"  />
		</property> 	
		<property name="actualQAEnd" access="field" type='java.sql.Date' length='10'>
		 	<column name="ACTUAL_QA_END"  />
		</property> 	
		<property name="reasonDelay" access="field" type='java.lang.String' length='500'>
		 	<column name="REASON_DELAY"  />
		</property> 	
		<property name="qaComment" access="field" type='java.lang.String' length='500'>
		 	<column name="QA_COMMENT"  />
		</property> 
		<many-to-one name="releasedByEngineering" column="ENG_RELEASEDBY" class="org.openxava.qamanager.model.Resource"  access="field"/> 
		<many-to-one name="status" column="STATUS" class="org.openxava.qamanager.model.TestCycleStatus"  access="field"/> 
		<set name="codeReview" order-by="CODE_REVIEW_ID, TEST_CYCLE_RELEASETAG, TEST_CYCLE_PROJECT, RESOURCE_POOL_ID" cascade='delete' inverse='true'>
			<key> 			
				<column name="TEST_CYCLE_RELEASETAG"/> 			
				<column name="TEST_CYCLE_PROJECT"/> 
			</key>	
			<one-to-many class="CodeReview"/>
		</set> 
		<set name="eventsHistory" order-by="EVENT_ID, TEST_CYCLE_RELEASETAG, TEST_CYCLE_PROJECT, EVENT_DATE" cascade='delete' inverse='true'>
			<key> 			
				<column name="TEST_CYCLE_RELEASETAG"/> 			
				<column name="TEST_CYCLE_PROJECT"/> 
			</key>	
			<one-to-many class="EventHistory"/>
		</set> 
		<set name="resourceAllocation1" order-by="RELEASETAG, PROJECT" cascade='delete' inverse='true'>
			<key> 			
				<column name="RELEASETAG"/> 			
				<column name="PROJECT"/> 
			</key>	
			<one-to-many class="ResourceAllocation1"/>
		</set> 
		<set name="softwareRelease1" order-by="RELEASETAG, PROJECT" cascade='delete' inverse='true'>
			<key> 			
				<column name="RELEASETAG"/> 			
				<column name="PROJECT"/> 
			</key>	
			<one-to-many class="SoftwareRelease1"/>
		</set> 
  </class>

</hibernate-mapping>