<?xml version="1.0" encoding="ISO-8859-1"?> 

<!-- Generated by OpenXava: Thu Feb 28 12:41:08 LKT 2008 -->

<!DOCTYPE hibernate-mapping SYSTEM "http://hibernate.sourceforge.net/hibernate-mapping-3.0.dtd">

<hibernate-mapping package="org.openxava.qamanager.model">

  <class 
  	name="TipofDay"
  	table="TIP_OF_THE_DAY"> 	
		<id name="id" column="ID" access="field" type='java.lang.String' length='50'> 
			<generator class="org.openxava.hibernate.impl.DefaultValueIdentifierGenerator">
				<param name="property">id</param>
			</generator> 
		</id> 	
		<property name="todTO" access="field" type='java.lang.String' length='200'>
		 	<column name="TO_EMAIL_LIST"  />
		</property> 	
		<property name="todCC" access="field" type='java.lang.String' length='200'>
		 	<column name="CC_EMAIL_LIST"  />
		</property> 	
		<property name="todTitle" access="field" type='java.lang.String' length='50'>
		 	<column name="TITLE"  />
		</property> 	
		<property name="todMessage" access="field" type='java.lang.String' length='3000'>
		 	<column name="MESSAGE"  />
		</property> 	
		<property name="todCreatedDate" access="field" type='java.sql.Date' length='10'>
		 	<column name="CREATED"  />
		</property> 	
		<property name="todModifiedDate" access="field" type='java.sql.Date' length='10'>
		 	<column name="MODIFIED"  />
		</property> 
		<many-to-one name="todCategory" column="TOD_CATEGORY_ID" class="org.openxava.qamanager.model.TodCategory"  access="field"/> 
		<many-to-one name="todSender" column="SENDER_ID" class="org.openxava.qamanager.model.Resource"  access="field"/> 
  </class>

</hibernate-mapping>