<?xml version="1.0" encoding="ISO-8859-1"?>

<!DOCTYPE component SYSTEM "dtds/component.dtd">

<component name="TodSchedular">

	<entity>
		<property name="id" type="String" key="true" hidden="true">
            <default-value-calculator class="org.openxava.calculators.UUIDCalculator" on-create="true"/>
        </property>
        <property name="scheduledDate" type="java.util.Date" required="true"/>
        <property name="remark" type="String" size="100"/>
        <property name="status" type="int">
            <valid-values>
                <valid-value value="Pending"/>
                <valid-value value="Sent"/>
                <valid-value value="Cancelled"/>
                <valid-value value="Other"/>
            </valid-values>
        </property>

        <reference name="todSender" model="Resource" required="true"/>
        <reference name="todCategory" model="TodCategory"/>

        <validator class="org.openxava.qamanager.validators.TodSchedularValidator">
            <set property="scheduledDate"/>
        </validator>
        
    </entity>

    <view>


        <reference-view reference="todSender">
            <descriptions-list description-property="name"/>
        </reference-view>

        <reference-view reference="todCategory">
            <descriptions-list description-property="category"/>
        </reference-view>

        <members>
            todSender;
            todCategory;
            scheduledDate, status, <action action="TodSchedular.sendEmail" always-enabled="true"/>;;
            remark;
        </members>


    </view>

    <tab>
        <properties>
            todSender.name, scheduledDate, remark
        </properties>
    </tab>

						
    <entity-mapping table="TOD_SCHEDULE">
        <property-mapping property="id" column="ID"/>
        <property-mapping property="scheduledDate" column="SCHEDULED_DATE"/>
        <property-mapping property="remark" column="REMARK"/>

        <property-mapping property="status" column="SENT_STATUS" cmp-type="String">
            <converter class="org.openxava.converters.ValidValuesStringConverter">
                <set property="words" value="PENDING,SENT,CANCELLED,OTHER"/>
            </converter>
        </property-mapping>

        <reference-mapping reference="todCategory">
            <reference-mapping-detail column="TOD_CATEGORY_ID" referenced-model-property="id"/>
        </reference-mapping>

        <reference-mapping reference="todSender">
            <reference-mapping-detail column="TOD_SENDER_ID" referenced-model-property="id"/>
        </reference-mapping>

    </entity-mapping>
				
</component>