<?xml version="1.0" encoding="ISO-8859-1"?> 

<!-- Generated by OpenXava: Thu Feb 28 12:41:07 LKT 2008 -->

<!DOCTYPE hibernate-mapping SYSTEM "http://hibernate.sourceforge.net/hibernate-mapping-3.0.dtd">

<hibernate-mapping package="org.openxava.qamanager.model">

  <class 
  	name="TodSchedular"
  	table="TOD_SCHEDULE"> 	
		<id name="id" column="ID" access="field" type='java.lang.String' length='50'> 
			<generator class="org.openxava.hibernate.impl.DefaultValueIdentifierGenerator">
				<param name="property">id</param>
			</generator> 
		</id> 	
		<property name="scheduledDate" access="field" type='java.sql.Date' length='10'>
		 	<column name="SCHEDULED_DATE"  />
		</property> 	
		<property name="remark" access="field" type='java.lang.String' length='100'>
		 	<column name="REMARK"  />
		</property> 	
		<property name="status" access="field" type='java.lang.String' precision='9' scale='0'>
		 	<column name="SENT_STATUS"  check='SENT_STATUS between 0 and 4' />
		</property> 
		<many-to-one name="todCategory" column="TOD_CATEGORY_ID" class="org.openxava.qamanager.model.TodCategory"  access="field"/> 
		<many-to-one name="todSender" column="TOD_SENDER_ID" class="org.openxava.qamanager.model.Resource"  access="field"/> 
  </class>

</hibernate-mapping>