<?xml version="1.0" encoding="ISO-8859-1"?> 

<!-- Generated by OpenXava: Thu Feb 28 12:41:10 LKT 2008 -->

<!DOCTYPE hibernate-mapping SYSTEM "http://hibernate.sourceforge.net/hibernate-mapping-3.0.dtd">

<hibernate-mapping package="org.openxava.qamanager.model">

  <class 
  	name="Training"
  	table="QA_TRAINING"> 	
		<id name="id" column="ID" access="field" type='java.lang.String' length='50'> 
			<generator class="org.openxava.hibernate.impl.DefaultValueIdentifierGenerator">
				<param name="property">id</param>
			</generator> 
		</id> 	
		<property name="title" access="field" type='java.lang.String' length='100'>
		 	<column name="TITLE"  />
		</property> 	
		<property name="description" access="field" type='java.lang.String' length='500'>
		 	<column name="DESCRIPTION"  />
		</property> 	
		<property name="feedback" access="field" type='java.lang.String' length='3000'>
		 	<column name="FEEDBACK"  />
		</property> 	
		<property name="evaluation" access="field" type='java.lang.String' length='3000'>
		 	<column name="EVALUATION"  />
		</property> 	
		<property name="sceheduledStart" access="field" type='java.sql.Timestamp' length='10'>
		 	<column name="SCHEDULED_START"  />
		</property> 
		<many-to-one name="location" column="TRAINING_LOCATION_ID" class="org.openxava.qamanager.model.TrainingLocation"  access="field"/> 
		<many-to-one name="method" column="TRAINING_METHOD_ID" class="org.openxava.qamanager.model.TrainingMethod"  access="field"/>  
		<set name="trainingTeams" order-by="QA_TRAINING_ID, RESOURCE_POOL_ID, ROLE" cascade='delete' inverse='true'>
			<key column="QA_TRAINING_ID"/>
			<one-to-many class="TrainingTeam"/>
		</set> 
  </class>

</hibernate-mapping>