<?xml version="1.0" encoding="ISO-8859-1"?> 

<!-- Generated by OpenXava: Thu Feb 28 12:41:10 LKT 2008 -->

<!DOCTYPE hibernate-mapping SYSTEM "http://hibernate.sourceforge.net/hibernate-mapping-3.0.dtd">

<hibernate-mapping package="org.openxava.qamanager.model">

  <class 
  	name="TrainingTeam"
  	table="QATRAINING_RESOURCE"> 
		<composite-id> 	
			<key-many-to-one name="training" class="org.openxava.qamanager.model.Training"> 			
				<column name="QA_TRAINING_ID"/> 						
			</key-many-to-one> 	
			<key-many-to-one name="resource" class="org.openxava.qamanager.model.Resource"> 			
				<column name="RESOURCE_POOL_ID"/> 						
			</key-many-to-one> 	
			<key-property name="participantRole" column="ROLE" access="field" type='java.lang.String' length='9'/>  	
		</composite-id> 	
		<property name="participantComment" access="field" type='java.lang.String' length='500'>
		 	<column name="ROLE_COMMENT"  />
		</property> 
  </class>

</hibernate-mapping>