<?xml version = "1.0" encoding = "ISO-8859-1"?>

<!DOCTYPE validators SYSTEM "dtds/validators.dtd">

<!-- qaProjectManager specific validators  -->

<validators>
    <default-validator>
        <validator-class class="org.openxava.qamanager.validators.PersonNameValidator"/>
        <for-stereotype stereotype="PERSON_NAME"/>
    </default-validator>

    <default-validator>
        <validator-class class="org.openxava.qamanager.validators.NameValidator"/>
        <for-stereotype stereotype="NAME"/>
    </default-validator>

    <default-validator>
        <validator-class class="org.openxava.qamanager.validators.PhoneNumberValidator"/>
        <for-stereotype stereotype="TELEPHONE"/>
    </default-validator>

    <default-validator>
        <validator-class class="org.openxava.qamanager.validators.EmailValidator"/>
        <for-stereotype stereotype="EMAIL"/>
    </default-validator>


    <default-validator>
            <validator-class class="org.openxava.qamanager.validators.EmailListValidator"/>
            <for-stereotype stereotype="EMAIL_LIST"/>
        </default-validator>


    <default-validator>
        <validator-class class="org.openxava.qamanager.validators.URLValidator"/>
        <for-stereotype stereotype="WEBURL"/>
    </default-validator>

    <default-validator>
        <validator-class class="org.openxava.qamanager.validators.IDValidator"/>
        <for-stereotype stereotype="ID"/>
    </default-validator>

    <default-validator>
        <validator-class class="org.openxava.qamanager.validators.DescriptionValidator"/>
        <for-stereotype stereotype="DESCRIPTION"/>
    </default-validator>


    <default-validator>
        <validator-class class="org.openxava.qamanager.validators.IPValidator"/>
        <for-stereotype stereotype="IP"/>
    </default-validator>


    <default-validator>
        <validator-class class="org.openxava.qamanager.validators.ISBNValidator"/>
        <for-stereotype stereotype="ISBN"/>
    </default-validator>


</validators>
  