<?xml version="1.0" encoding="ISO-8859-1"?>

<!DOCTYPE component SYSTEM "dtds/component.dtd">

<component name="Author">

	<entity>
		<property name="id" type="String" key="true" hidden="true">
            <default-value-calculator class="org.openxava.calculators.UUIDCalculator" on-create="true"/>
        </property>
        <property name="firstName" stereotype="NAME" required="true"/>
        <property name="lastName" stereotype="NAME"/>
    </entity>

    

    <tab>
        <properties>
            firstName,
            lastName
        </properties>
    </tab>
						
    <entity-mapping table="AUTHOR">
        <property-mapping property="id" column="ID"/>
        <property-mapping property="firstName" column="FIRST_NAME"/>
        <property-mapping property="lastName" column="LAST_NAME"/>
    </entity-mapping>
				
</component>