<?xml version="1.0" encoding="ISO-8859-1"?>

<!DOCTYPE component SYSTEM "dtds/component.dtd">

<component name="BookReservation">

    <entity>
        <property name="id" type="String" key="true" hidden="true">
            <default-value-calculator class="org.openxava.calculators.UUIDCalculator" on-create="true"/>
        </property>
        <property name="reservationComment" stereotype="TEXT_AREA"/>
        <property name="reservationStatus">
            <valid-values>
                <valid-value value="Reserved"/>
                <valid-value value="Served"/>
                <valid-value value="Cancelled"/>
            </valid-values>
        </property>
        <reference name="reservationRequester" model="Resource"/>
        <reference name="book" model="Book"/>
        <property name="reservedDate" type="java.util.Date"/>
        <property name="requestedDate" type="java.util.Date"/>

        <validator class="org.openxava.qamanager.validators.BookReservationValidator">
            <set property="reservedDate"/>
            <set property="requestedDate"/>
        </validator>



    </entity>

    <view>
        <reference-view reference="reservationRequester">
            <descriptions-list description-property="name"/>
        </reference-view>
        <reference-view reference="book">
            <descriptions-list description-properties="title ,author.firstName, author.secondName"/>
        </reference-view>

        <members>
            book;
            reservationRequester;
            reservationStatus;
            reservedDate, requestedDate;
            reservationComment;
        </members>
    </view>


    <tab>
        <properties>
            book.title,
            reservationRequester.name,
            reservationStatus,
            reservedDate
        </properties>
    </tab>

    <entity-mapping table="BOOK_RESERVATION">
        <property-mapping property="id" column="ID"/>
        <property-mapping property="reservationComment" column="RESERVATION_COMMENT"/>
        <property-mapping property="reservedDate" column="RESERVED"/>
        <property-mapping property="requestedDate" column="REQUESTED"/>
        <property-mapping property="reservationStatus" column="RESERVATION_STATUS" cmp-type="String">
            <converter class="org.openxava.converters.ValidValuesStringConverter">
                <set property="words" value="Reserved,Served,Cancelled"/>
            </converter>
        </property-mapping>
        <reference-mapping reference="reservationRequester">
            <reference-mapping-detail column="REQUESTER_ID" referenced-model-property="id"/>
        </reference-mapping>
        <reference-mapping reference="book">
            <reference-mapping-detail column="BOOKS_ID" referenced-model-property="id"/>
        </reference-mapping>
    </entity-mapping>

</component>