<?xml version="1.0" encoding="ISO-8859-1"?>

<!DOCTYPE component SYSTEM "dtds/component.dtd">

<component name="Book">

    <entity>
        <property name="id" type="String" key="true" hidden="true">
            <default-value-calculator class="org.openxava.calculators.UUIDCalculator" on-create="true"/>
        </property>
        <property name="title" type="String" size="100" required="true"/>
        <property name="description" stereotype="TEXT_AREA"/>
        <property name="edition" type="String" size="10"/>
        <property name="bookPrice" stereotype="MONEY"/>
        <property name="publishedDate" type="java.util.Date"/>
        <property name="frontCover" stereotype="IMAGE"/>
        <property name="backCover" stereotype="IMAGE"/>
        <property name="copyRight" stereotype="IMAGE"/>
        <property name="tableOfContent" stereotype="IMAGE"/>
        <property name="excerpt" stereotype="IMAGE"/>
        <property name="bookISBN" stereotype="ISBN"/>

        <reference name="donatedBy" model="Resource"/>
        <reference name="publisher" model="Publisher"/>
        <reference name="author" model="Author" required="true"/>
        <reference name="country" model="Country"/>
        <reference name="category" model="Category"/>
        <reference name="bookType" model="BookType"/>

        <validator class="org.openxava.qamanager.validators.BookValidator">
            <set property="publishedDate"/>
        </validator>

    </entity>

    <view>

        <reference-view reference="author">
            <descriptions-list description-property="firstName"/>
        </reference-view>
        <reference-view reference="publisher">
              <descriptions-list description-property="name"/>
            </reference-view>
        <reference-view reference="donatedBy">
            <descriptions-list description-property="name"/>
         </reference-view>
        <reference-view reference="country">
            <descriptions-list description-property="displayName"/>
            </reference-view>
        <reference-view reference="category">
            <descriptions-list description-property="name"/>
            </reference-view>
        <reference-view reference="bookType">
            <descriptions-list description-property="name"/>
            </reference-view>



        <members>
            title;
            author;
            category;
            bookType, bookISBN;
            <section name="Description">
                description ;
            </section>
            <section name="Other">
                donatedBy;
                bookPrice;
                country;
                edition, publishedDate;
            </section>
            <section name="Images">
                     frontCover;
                     tableOfContent;
                     copyRight;
                     excerpt;
                     backCover;
                </section>

        </members>


    </view>


    <tab>
        <properties>
            title,
            description,
            author.firstName
        </properties>
    </tab>

    <entity-mapping table="BOOKS">
        <property-mapping property="id" column="ID"/>
        <property-mapping property="title" column="TITLE"/>
        <property-mapping property="description" column="DESCRIPTION"/>
        <property-mapping property="edition" column="EDITION"/>
        <property-mapping property="bookPrice" column="PRICE"/>
        <property-mapping property="publishedDate" column="PUBLISHED"/>
        <property-mapping property="frontCover" column="FRONT_COVER"/>
        <property-mapping property="backCover" column="BACK_COVER"/>
        <property-mapping property="copyRight" column="COPYRIGHT"/>
        <property-mapping property="tableOfContent" column="TOC"/>
        <property-mapping property="excerpt" column="EXCERPT"/>
        <property-mapping property="bookISBN" column="ISBN"/>

        <reference-mapping reference="donatedBy">
            <reference-mapping-detail column="RESOURCE_POOL_ID_DONATEDBY" referenced-model-property="id"/>
        </reference-mapping>
        <reference-mapping reference="publisher">
            <reference-mapping-detail column="PUBLISHER_ID" referenced-model-property="id"/>
        </reference-mapping>
        <reference-mapping reference="author">
            <reference-mapping-detail column="AUTHOR_ID" referenced-model-property="id"/>
        </reference-mapping>
        <reference-mapping reference="country">
            <reference-mapping-detail column="COUNTRY_ID" referenced-model-property="id"/>
        </reference-mapping>
        <reference-mapping reference="category">
            <reference-mapping-detail column="CATEGORY_ID" referenced-model-property="id"/>
        </reference-mapping>
        <reference-mapping reference="bookType">
                <reference-mapping-detail column="BOOK_TYPE_ID" referenced-model-property="id"/>
            </reference-mapping>




    </entity-mapping>

</component>