<?xml version="1.0" encoding="ISO-8859-1"?>

<!DOCTYPE component SYSTEM "dtds/component.dtd">

<component name="BookIssue">

    <entity>
        <property name="id" type="String" key="true" hidden="true">
            <default-value-calculator class="org.openxava.calculators.UUIDCalculator" on-create="true"/>
        </property>
        <property name="issueComment" stereotype="TEXT_AREA"/>
        <property name="issueStatus">
            <valid-values>
                <valid-value value="Returned"/>
                <valid-value value="Return Pending"/>
                <valid-value value="Return Delayed"/>
            </valid-values>
        </property>
        <reference name="borrower" model="Resource" required="true"/>
        <reference name="book" model="Book" required="true"/>
        <property name="issuedDate" type="java.util.Date"  required="true">
            <default-value-calculator class="org.openxava.calculators.CurrentDateCalculator" on-create="true"/>
        </property>
        <property name="dueReturnDate" type="java.util.Date" required="true"/>
        <property name="actualReturnDate" type="java.util.Date"/>

        <validator class="org.openxava.qamanager.validators.BookIssueValidator">
            <set property="issuedDate"/>
            <set property="dueReturnDate"/>
            <set property="actualReturnDate"/>
        </validator>


    </entity>

    <view>
        <reference-view reference="borrower">
            <descriptions-list description-property="name"/>
        </reference-view>
        <reference-view reference="book">
            <descriptions-list description-property="title"/>
        </reference-view>

        <members>
            book;
            borrower;
            issueStatus;
            issuedDate, dueReturnDate, actualReturnDate;
            issueComment;
        </members>
    </view>


    <tab>
        <properties>
            book.title,
            borrower.name,
            issueStatus,
            issuedDate
        </properties>
    </tab>

    <entity-mapping table="BOOKS_ISSUE">
        <property-mapping property="id" column="ID"/>
        <property-mapping property="issueComment" column="ISSUE_COMMENT"/>
        <property-mapping property="issuedDate" column="ISSUED"/>
        <property-mapping property="dueReturnDate" column="DUE_RETURN"/>
        <property-mapping property="actualReturnDate" column="ACTUAL_RETURN"/>
        <property-mapping property="issueStatus" column="ISSUE_STATUS" cmp-type="String">
            <converter class="org.openxava.converters.ValidValuesStringConverter">
                <set property="words" value="Returned,ReturnPending,ReturnDelayed"/>
            </converter>
        </property-mapping>
        <reference-mapping reference="borrower">
            <reference-mapping-detail column="BORROWER_ID" referenced-model-property="id"/>
        </reference-mapping>
        <reference-mapping reference="book">
            <reference-mapping-detail column="BOOKS_ID" referenced-model-property="id"/>
        </reference-mapping>
    </entity-mapping>

</component>