<?xml version="1.0" encoding="ISO-8859-1"?>

<!DOCTYPE component SYSTEM "dtds/component.dtd">

<component name="Country">

	<entity>
		<property name="id" key="true" stereotype="ID" size="5" required="true"/>
        <property name="name" stereotype="NAME"  required="true"/>
        <property name="displayName" stereotype="NAME" required="true"/>
    </entity>

    <view>
        <members>
            id;
            name;
            displayName
        </members>
    </view>

    <tab>
        <properties>
            id,
            displayName
        </properties>
    </tab>
						
    <entity-mapping table="COUNTRY">
        <property-mapping property="id" column="ID"/>
        <property-mapping property="name" column="NAME"/>
        <property-mapping property="displayName" column="DISPLAYNAME"/>
    </entity-mapping>
				
</component>