<?xml version="1.0" encoding="ISO-8859-1"?>

<!DOCTYPE component SYSTEM "dtds/component.dtd">

<component name="Customer">

    <entity>
        <property name="id" key="true" stereotype="ID" required="true"/>
        <property name="name"  type="String" size="100" required="true"/>
        <property name="address" type="String" size="100" stereotype="TEXT_AREA" required="false"/>
        <property name="phone1" stereotype="TELEPHONE" required="false"/>
        <property name="phone2" stereotype="TELEPHONE" required="false"/>
        <property name="fax" stereotype="TELEPHONE" required="false"/>
        <property name="email" stereotype="EMAIL" required="false"/>

        <property name="webURL" stereotype="WEBURL" required="false"/>
        <property name="description" type="String" stereotype="MEMO" required="false"/>

        <reference name="country" model="Country" required="true"/>


        <collection name="projects">
            <reference model="CustomerProject"/>
        </collection>

        <collection name="contacts">
            <reference model="Contact"/>
        </collection>

        <validator class="org.openxava.qamanager.validators.CustomerDetailValidator">
            <set property="phone1"/>
            <set property="phone2"/>
            <set property="fax"/>
        </validator>

    </entity>

    <aggregate name="Contact">
        <property name="id" type="String" key="true" hidden="true">
            <default-value-calculator class="org.openxava.calculators.UUIDCalculator" on-create="true"/>
        </property>
        <property name="name" stereotype="PERSON_NAME" size="50" required="true"/>
        <property name="telephone" stereotype="TELEPHONE" required="false"/>
        <property name="email" stereotype="EMAIL" required="false"/>
        <property name="customerChatID" stereotype="EMAIL" required="false"/>
        <property name="otherInfo" stereotype="TEXT_AREA" size="250"/>
        <reference name="customer" model="Customer"/>
        <reference name="qaProject" model="QaProject"/>
    </aggregate>


    <aggregate name="CustomerProject">
        <reference name="customer" model="Customer"/>

        <property name="id" key="true" stereotype="ID" required="true">
            <validator class="org.openxava.qamanager.validators.SpecialCharacterValidator"/>
        </property>
        <property name="name" type="String" size="50" required="true">
            <validator class="org.openxava.qamanager.validators.SpecialCharacterValidator"/>
        </property>
        <property name="description" stereotype="TEXT_AREA" size="250"/>

        <property name="scheduledStart" type="java.util.Date" size="10" required="false"/>
        <property name="scheduledEnd" type="java.util.Date" size="10" required="false"/>
        <property name="actualStart" type="java.util.Date" size="10" required="false"/>
        <property name="actualEnd" type="java.util.Date" size="10" required="false"/>
        <property name="reasonDelay" stereotype="TEXT_AREA" size="250"/>

        <reference name="projectType" model="ProjectType" required="false"/>
        <reference name="status" model="ProjectStatus" required="false"/>

        <validator class="org.openxava.qamanager.validators.QAProjectDetailValidator">
            <set property="scheduledStart"/>
            <set property="scheduledEnd"/>
            <set property="actualStart"/>
            <set property="actualEnd"/>
        </validator>

    </aggregate>


    <view>

        <reference-view reference="country">
            <descriptions-list description-property="displayName"/>
        </reference-view>

        <collection-view collection="projects">
            <list-properties>
                name,
                status.name,
                scheduledStart,
                actualStart,
                scheduledEnd,
                actualEnd
            </list-properties>
        </collection-view>

        <collection-view collection="contacts" view="contactsView">
            <list-properties>
                name, telephone, email,customerChatID
            </list-properties>
        </collection-view>


        <members>
            id;
            name;
            country;
            <section name="ContactDetails">
                phone1;
                phone2;
                fax;
                email;
                webURL;
                address;
            </section>
            <section name="Description">
                description
            </section>
            <section name="CustomerProjects">
                projects;
            </section>
            <section name="projectContacts">
                contacts;
            </section>

        </members>
    </view>

    <view name="contactsView" model="Contact">
        <reference-view reference="customer">
            <descriptions-list description-property="name"/>
        </reference-view>

        <reference-view reference="qaProject">
            <descriptions-list description-property="name"/>
        </reference-view>


        <members>
            name;
            qaProject;
            telephone;
            email;
            customerChatID;
            otherInfo
        </members>

    </view>

    <view model="CustomerProject">
        <reference-view reference="projectType">
            <descriptions-list description-property="name"/>
        </reference-view>

        <reference-view reference="status">
            <descriptions-list description-property="name"/>
        </reference-view>

        <members>
            id;
            name;
            projectType;
            status;
            <section name="Schedules">
                scheduledStart, actualStart;
                scheduledEnd, actualEnd;
                reasonDelay;
            </section>
            <section name="Description">
                description;
            </section>
        </members>

    </view>


    <tab>
        <properties>
            id,
            name,
            country.displayName
        </properties>
    </tab>

    <entity-mapping table="CUSTOMER">
        <property-mapping property="id" column="ID"/>
        <property-mapping property="name" column="NAME"/>
        <property-mapping property="address" column="ADDRESS"/>

        <property-mapping property="phone1" column="PHONE1"/>

        <property-mapping property="phone2" column="PHONE2"/>

        <property-mapping property="fax" column="FAX"/>

        <property-mapping property="email" column="EMAIL"/>
        <property-mapping property="webURL" column="WEBURL"/>
        <property-mapping property="description" column="DESCRIPTION"/>

        <reference-mapping reference="country">
            <reference-mapping-detail column="COUNTRY" referenced-model-property="id"/>
        </reference-mapping>

    </entity-mapping>

    <aggregate-mapping aggregate="Contact" table="CUSTOMER_CONTACT">
        <property-mapping property="id" column="ID"/>
        <property-mapping property="name" column="NAME"/>
        <property-mapping property="telephone" column="TELEPHONE"/>
        <property-mapping property="email" column="EMAIL"/>
        <property-mapping property="otherInfo" column="OTHER_INFO"/>
        <property-mapping property="customerChatID" column="CHAT_ID"/>

        <reference-mapping reference="customer">
            <reference-mapping-detail column="CUSTOMER" referenced-model-property="id"/>
        </reference-mapping>

        <reference-mapping reference="qaProject">
            <reference-mapping-detail column="PROJECT" referenced-model-property="id"/>
        </reference-mapping>

    </aggregate-mapping>


    <aggregate-mapping aggregate="CustomerProject" table="QA_PROJECT">
        <property-mapping property="id" column="ID"/>
        <property-mapping property="name" column="NAME"/>

        <property-mapping property="scheduledStart" column="SCHEDULED_START"/>
        <property-mapping property="scheduledEnd" column="SCHEDULED_END"/>
        <property-mapping property="actualStart" column="ACTUAL_START"/>
        <property-mapping property="actualEnd" column="ACTUAL_END"/>

        <property-mapping property="description" column="DESCRIPTION"/>
        <property-mapping property="reasonDelay" column="REASON_DELAY"/>

        <reference-mapping reference="customer">
            <reference-mapping-detail column="CUSTOMER" referenced-model-property="id"/>
        </reference-mapping>

        <reference-mapping reference="projectType">
            <reference-mapping-detail column="PROJECT_TYPE" referenced-model-property="id"/>
        </reference-mapping>

        <reference-mapping reference="status">
            <reference-mapping-detail column="STATUS" referenced-model-property="id"/>
        </reference-mapping>

    </aggregate-mapping>

</component>