<?xml version="1.0" encoding="ISO-8859-1"?>

<!DOCTYPE component SYSTEM "dtds/component.dtd">

<component name="Designation">

	<entity>
		<property name="id" key="true" stereotype="ID"  required="true"/>
        <reference name="department" model="Department" required="true" />
        <property name="name" stereotype="NAME" required="true"/>
        <property name="description" type="String" stereotype="TEXT_AREA" size="100"/>
    </entity>

    <view>
        <reference-view reference="department">
            <descriptions-list description-property="name"/>
        </reference-view>

        <members>
            id;
            department;
            name;
            description;
        </members>

    </view>

    <tab>
        <properties>
            name,
            department.name,
            description
        </properties>
    </tab>
						
    <entity-mapping table="DESIGNATION">
        <property-mapping property="id" column="ID"/>
        <property-mapping property="name" column="NAME"/>
        <property-mapping property="description" column="DESCRIPTION"/>

        <reference-mapping reference="department" >
            <reference-mapping-detail column="DEPARTMENT_ID" referenced-model-property="id"/>
        </reference-mapping>
    </entity-mapping>
				
</component>