<?xml version="1.0" encoding="ISO-8859-1"?>

<!DOCTYPE component SYSTEM "dtds/component.dtd">

<component name="EngineeringRelease">

    <entity>
        <property name="releaseTag" type="String" size="10" key="true" required="true"/>

        <property name="scheduledEngRelease" type="java.util.Date" required="false"/>
        <property name="actualEngRelease" type="java.util.Date" required="false">
            <default-value-calculator class="org.openxava.calculators.CurrentDateCalculator" on-create="true"/>
        </property>
        <property name="delayEngRelease" type="int" size="3" required="false"/>
        <property name="limitations" type="String" stereotype="MEMO" required="false"/>
        <property name="engComment" type="String" stereotype="MEMO" required="false"/>
        <property name="scheduledQAStart" type="java.util.Date" required="false"/>
        <property name="scheduledQAEnd" type="java.util.Date" required="false"/>
        <property name="actualQAStart" type="java.util.Date" required="false"/>
        <property name="actualQAEnd" type="java.util.Date" required="false"/>


        <reference name="project" model="QaProject" key="true" required="true"/>
        <reference name="releasedByEngineering" model="Resource" required="true"/>
        <reference name="status" model="TestCycleStatus" required="false"/>

    </entity>


    <view>
        <property-view property="actualEngRelease">
            <on-change class="org.openxava.qamanager.actions.OnChangeEngReleaseDates"/>
        </property-view>

        <property-view property="delayEngRelease" read-only="true"/>

        <reference-view reference="project" modify="false" create="false">
            <descriptions-list description-properties="name"/>
        </reference-view>

        <reference-view reference="status" modify="false" create="false">
            <descriptions-list description-properties="name"/>
        </reference-view>

        <reference-view reference="releasedByEngineering" modify="false" create="false">
            <descriptions-list description-properties="name"/>
        </reference-view>

        <property-view property="scheduledEngRelease" read-only="true"/>
        <property-view property="scheduledQAStart" read-only="true"/>
        <property-view property="scheduledQAEnd" read-only="true"/>
        <property-view property="actualQAStart" read-only="true"/>
        <property-view property="actualQAEnd" read-only="true"/>

        <members>
            project;
            releaseTag;
            status;
            releasedByEngineering;
            <section name="Schedules">
                scheduledEngRelease, actualEngRelease, delayEngRelease;
                scheduledQAStart,actualQAStart;
                scheduledQAEnd, actualQAEnd;
            </section>
            <section name="Limitations">
                limitations;
            </section>
            <section name="Engineering">
                engComment;
            </section>
        </members>

    </view>


    <tab>
        <properties>
            project.name,
            releaseTag,
            status.name,
            scheduledEngRelease,
            actualEngRelease
        </properties>
    </tab>


    <entity-mapping table="TEST_CYCLE">
        <property-mapping property="releaseTag" column="RELEASETAG"/>

        <property-mapping property="scheduledEngRelease" column="SCHEDULED_ENG_RELEASE"/>
        <property-mapping property="actualEngRelease" column="ACTUAL_ENG_RELEASE"/>
        <property-mapping property="delayEngRelease" column="ENGRELEASE_DELAY"/>
        <property-mapping property="limitations" column="LIMITATIONS"/>
        <property-mapping property="engComment" column="ENG_COMMENT"/>
        <property-mapping property="scheduledQAStart" column="SCHEDULED_QA_START"/>
        <property-mapping property="scheduledQAEnd" column="SCHEDULED_QA_END"/>
        <property-mapping property="actualQAStart" column="ACTUAL_QA_START"/>
        <property-mapping property="actualQAEnd" column="ACTUAL_QA_END"/>

        <reference-mapping reference="project">
            <reference-mapping-detail column="PROJECT" referenced-model-property="id"/>
        </reference-mapping>

        <reference-mapping reference="status">
            <reference-mapping-detail column="STATUS" referenced-model-property="id"/>
        </reference-mapping>

        <reference-mapping reference="releasedByEngineering">
            <reference-mapping-detail column="ENG_RELEASEDBY" referenced-model-property="id"/>
        </reference-mapping>


    </entity-mapping>

</component>