<?xml version="1.0" encoding="ISO-8859-1"?>

<!DOCTYPE component SYSTEM "dtds/component.dtd">

<component name="Holiday">

	<entity>
		<property name="id" type="String" key="true" hidden="true">
            <default-value-calculator class="org.openxava.calculators.UUIDCalculator" on-create="true"/>
        </property>
        <property name="holidayDate" type="java.util.Date" required="true"/>
        <property name="description" type="String" size="100"/>
        <reference name="country" model="Country"/>
        <reference name="holidayType" model="HolidayType"/>


    </entity>

    <view>

        <reference-view reference="country">
            <descriptions-list description-property="displayName"/>
        </reference-view>
        <reference-view reference="holidayType">
            <descriptions-list description-property="name"/>
        </reference-view>

        <members>
            holidayDate;
            holidayType;
            country;
            description
        </members>

    </view>
    

    <tab>
        <properties>
            holidayDate,
            country.name,
            holidayType.name
        </properties>
    </tab>
						
    <entity-mapping table="HOLIDAY">
        <property-mapping property="id" column="ID"/>
        <property-mapping property="holidayDate" column="HOLIDAY_DATE"/>
        <property-mapping property="description" column="DESCRIPTION"/>
        <reference-mapping reference="country">
            <reference-mapping-detail column="COUNTRY_ID" referenced-model-property="id"/>
        </reference-mapping>
        <reference-mapping reference="holidayType">
            <reference-mapping-detail column="HOLIDAY_TYPE_ID" referenced-model-property="id"/>
        </reference-mapping>

    </entity-mapping>
				
</component>