<?xml version="1.0" encoding="ISO-8859-1"?>

<!DOCTYPE component SYSTEM "dtds/component.dtd">

<component name="LeaveAllocation">

	<entity>

        <reference name="resource" model="Resource" key="true" required="true"/>
        <reference name="leaveType" model="LeaveType" key="true" required="true"/>
        <property name="leaveYear" type="int" size="4" key="true" required="true"/>
        <property name="noOfDays" type="int" size="3"/>
        <property name="description" type="String" size="100"/>
    </entity>


    <view>
        <reference-view reference="resource">
            <descriptions-list description-property="name"/>
        </reference-view>

        <reference-view reference="leaveType">
            <descriptions-list description-property="name"/>
        </reference-view>

        <members>
            resource;
            leaveYear;
            leaveType, noOfDays;
            description
        </members>
    </view>


    <tab>
        <properties>
            resource.name,
            leaveType.name,
            leaveYear,
            noOfDays
        </properties>
    </tab>
						
    <entity-mapping table="LEAVE_ALLOCATION">
        <reference-mapping reference="resource">
            <reference-mapping-detail column="RESOURCE_POOL_ID" referenced-model-property="id"/>
        </reference-mapping>
        <reference-mapping reference="leaveType">
            <reference-mapping-detail column="LEAVE_TYPE_ID" referenced-model-property="id"/>
        </reference-mapping>

        <property-mapping property="leaveYear" column="LEAVE_YEAR"/>
        <property-mapping property="noOfDays" column="NO_OF_DAYS"/>
        <property-mapping property="description" column="DESCRIPTION"/>
    </entity-mapping>
				
</component>