<?xml version="1.0" encoding="ISO-8859-1"?>

<!DOCTYPE component SYSTEM "dtds/component.dtd">

<component name="LeaveApplication">

    <entity>
        <property name="id" type="String" key="true" hidden="true">
            <default-value-calculator class="org.openxava.calculators.UUIDCalculator" on-create="true"/>
        </property>
        <property name="leaveApplicationDate" type="java.util.Date" required="false">
            <default-value-calculator class="org.openxava.calculators.CurrentDateCalculator" on-create="true"/>
        </property>
        <property name="leaveApplicationStatus">
            <valid-values>
                <valid-value value="leaveApprovalPending"/>
                <valid-value value="leaveApprovedLevel1"/>
                <valid-value value="leaveApprovedLevel2"/>
                <valid-value value="leaveRejected"/>
                <valid-value value="leaveCancelled"/>
            </valid-values>
        </property>
        <property name="approvalComment" stereotype="TEXT_AREA"/>
        <property name="applicantComment" stereotype="TEXT_AREA" required="true"/>

        <reference name="applicant" model="Resource" required="true"/>
        <reference name="approveByLevel1" model="Resource"/>
        <reference name="approveByLevel2" model="Resource"/>
        <reference name="projectContact" model="Resource"/>

        <collection name="leaveApplicationDetails" minimum="1" maximum="5" >
            <reference model="LeaveApplicationDetail" required="true"/>           
        </collection>

    </entity>

    <aggregate name="LeaveApplicationDetail">
         <property name="id" type="String" key="true" hidden="true">
            <default-value-calculator class="org.openxava.calculators.UUIDCalculator" on-create="true"/>
        </property>



        <reference name="leaveType" model="LeaveType" required="true"/>
        <property name="leaveStartDate" type="java.util.Date" required="false"/>
        <property name="leaveEndDate" type="java.util.Date" required="false"/>
        <property name="leaveStartTime" stereotype="TIME" required="false"/>
        <property name="leaveEndTime" stereotype="TIME" required="false"/>

        <validator class="org.openxava.qamanager.validators.LeaveApplicationDetailValidator">
            <set property="leaveStartDate"/>
            <set property="leaveEndDate"/>
            <set property="leaveStartTime"/>
            <set property="leaveEndTime"/>
            <set property="leaveApplication" />
        </validator>

    </aggregate>


    <view>
        <reference-view reference="applicant">
            <descriptions-list description-property="name"/>
        </reference-view>

        <reference-view reference="approveByLevel1">
            <descriptions-list description-property="name"/>
        </reference-view>
        <reference-view reference="approveByLevel2">
            <descriptions-list description-property="name"/>
        </reference-view>
        <reference-view reference="projectContact">
            <descriptions-list description-property="name"/>
        </reference-view>

        <property-view property="leaveApplicationDate" read-only="true"/>

        <collection-view collection="leaveApplicationDetails">
            <list-properties>
                leaveType.name
            </list-properties>
        </collection-view>

        <members>
            applicant, leaveApplicationDate;
            leaveApplicationStatus;
            <section name="secDetails">
                leaveApplicationDetails;
            </section>
            <section name="secApproval">
                approveByLevel1;
                approveByLevel2;
                approvalComment;
            </section>
            <section name="secOther">
                projectContact;
                applicantComment
            </section>
        </members>


    </view>

    <view model="LeaveApplicationDetail">
        <reference-view reference="leaveType">
            <descriptions-list description-property="name"/>
        </reference-view>
        <members>
           leaveType;
           leaveStartDate, leaveEndDate;
           leaveStartTime;
           leaveEndTime;
        </members>
    </view>


    <tab>
        <properties>
            applicant.name,
            leaveApplicationStatus,
            leaveApplicationDate
        </properties>
    </tab>

    <entity-mapping table="LEAVE_APPLICATION">
        <property-mapping property="id" column="ID"/>
        <property-mapping property="leaveApplicationDate" column="APPLICATION_DATE"/>
        <property-mapping property="leaveApplicationStatus" column="APPLICATION_STATUS" cmp-type="String">
            <converter class="org.openxava.converters.ValidValuesStringConverter">
                <set property="words" value="PENDING,LEVEL1,LEVEL2,REJECTED,CACELLED"/>
            </converter>
        </property-mapping>
        <property-mapping property="applicantComment" column="APPLICANT_COMMENT"/>
        <property-mapping property="approvalComment" column="APPROVAL_COMMENT"/>

        <reference-mapping reference="applicant">
            <reference-mapping-detail column="APPLICANT_ID" referenced-model-property="id"/>
        </reference-mapping>

        <reference-mapping reference="approveByLevel1">
            <reference-mapping-detail column="APPROVAL_LEVEL1_ID" referenced-model-property="id"/>
        </reference-mapping>
        <reference-mapping reference="approveByLevel2">
            <reference-mapping-detail column="APPROVAL_LEVEL2_ID" referenced-model-property="id"/>
        </reference-mapping>
        <reference-mapping reference="projectContact">
            <reference-mapping-detail column="PROJECT_CONTACT_ID" referenced-model-property="id"/>
        </reference-mapping>

    </entity-mapping>


    <aggregate-mapping aggregate="LeaveApplicationDetail" table="LEAVE_APPLICATION_DETAIL">
        <property-mapping property="id" column="ID"/>
        <reference-mapping reference="leaveApplication">
            <reference-mapping-detail column="LEAVE_APPLICATION_ID" referenced-model-property="id"/>
        </reference-mapping>
        <reference-mapping reference="leaveType">
            <reference-mapping-detail column="LEAVE_TYPE_ID" referenced-model-property="id"/>
        </reference-mapping>
        <property-mapping property="leaveStartDate" column="START_DATE"/>
        <property-mapping property="leaveEndDate" column="END_DATE"/>
        <property-mapping property="leaveStartTime" column="START_TIME"/>
        <property-mapping property="leaveEndTime" column="END_TIME"/>
    </aggregate-mapping>

</component>