<?xml version="1.0" encoding="ISO-8859-1"?>

<!DOCTYPE component SYSTEM "dtds/component.dtd">

<component name="ProjectTestCase">

	<entity>
        <property name="testCaseID" type="String" size="10" required="true" key="true"/>
                <reference name="qaProject" model="QaProject"/>
                <reference name="testCasetAuthor" model="Resource" required="true"/>
                <reference name="qaProjectModule" model="QaProjectModule"/>
                <property name="testCaseStatus">
                    <valid-values>
                        <valid-value value="PROPOSED"/>
                        <valid-value value="CONFIRMED"/>
                        <valid-value value="DISABLED"/>
                    </valid-values>
                </property>
                <property name="testCaseRequirementID" type="String" size="10"/>
                <property name="testCaseDescription" stereotype="TEXT_AREA" required="false"/>
                <property name="testCaseTestData" stereotype="TEXT_AREA" required="false"/>
                <property name="testCasePreRequisite" stereotype="TEXT_AREA" required="false"/>
                <property name="testCaseVersion" type="String" size="10"/>
                <property name="testCasePriority">
                    <valid-values>
                        <valid-value value="NewRelease"/>
                        <valid-value value="Immediate"/>
                        <valid-value value="High"/>
                        <valid-value value="Normal"/>
                        <valid-value value="Low"/>
                    </valid-values>
                </property>
                <property name="testCaseAction" stereotype="TEXT_AREA"/>
                <property name="testCaseExpectedResult" stereotype="TEXT_AREA"/>

                <property name="testCaseReviewComment" stereotype="TEXT_AREA"/>

                <property name="testCaseCreadted" type="java.util.Date" size="10" hidden="true">
                    <default-value-calculator class="org.openxava.calculators.CurrentDateCalculator" on-create="true"/>
                </property>
                <property name="testCaseModified" type="java.util.Date" size="10" hidden="true">
                    <default-value-calculator class="org.openxava.calculators.CurrentDateCalculator"/>
                </property>

    </entity>



    <view >

              <reference-view reference="qaProject">
                  <descriptions-list description-properties="name"/>
              </reference-view>
              <reference-view reference="testCasetAuthor" frame="false">
                  <descriptions-list description-properties="name"/>
              </reference-view>

              <reference-view reference="qaProjectModule" frame="false">
                  <descriptions-list description-properties="module"/>
              </reference-view>


              <members>
                  testCaseID;
                  qaProject;
                  testCasetAuthor;
                  testCaseRequirementID,testCaseVersion;
                  testCaseStatus, testCasePriority, qaProjectModule;
                  <section name="secTCDescription">
                      testCaseDescription;
                  </section>
                  <section name="secTCPrerequisite">
                      testCasePreRequisite;
                  </section>
                  <section name="secTCTestData">
                      testCaseTestData;
                  </section>
                  <section name="secTCAction">
                      testCaseAction;
                  </section>
                  <section name="secTCExpectedResult">
                      testCaseExpectedResult;
                  </section>
                  <section name="secTCReviewComment">
                      testCaseReviewComment;
                  </section>
              </members>


          </view>

    <tab>
            <properties>
                qaProject.name,
                testCaseID,
                qaProjectModule.module,
                testCaseStatus,
                testCaseDescription
            </properties>
        </tab>

						
    <entity-mapping table="TESTCASE">
        <reference-mapping reference="qaProject">
            <reference-mapping-detail column="QA_PROJECT_ID" referenced-model-property="id"/>
        </reference-mapping>
        <reference-mapping reference="testCasetAuthor">
            <reference-mapping-detail column="AUTHOR_ID" referenced-model-property="id"/>
        </reference-mapping>
        <reference-mapping reference="qaProjectModule">
            <reference-mapping-detail column="QA_PROJECT_MODULE_ID" referenced-model-property="id"/>
        </reference-mapping>


        <property-mapping property="testCaseID" column="TESTCASE_ID"/>
        <property-mapping property="testCaseDescription" column="DESCRIPTION"/>
        <property-mapping property="testCaseStatus" column="DOCUMENT_STATUS" cmp-type="String">
            <converter class="org.openxava.converters.ValidValuesStringConverter">
                <set property="words" value="PROPOSED,CONFIRMED,DISABLED"/>
            </converter>
        </property-mapping>

        <property-mapping property="testCasePriority" column="PRIORITY" cmp-type="String">
            <converter class="org.openxava.converters.ValidValuesStringConverter">
                <set property="words" value="NewRelease,Immediate,High,Normal,Low"/>
            </converter>
        </property-mapping>


        <property-mapping property="testCaseRequirementID" column="REQUIREMENT_ID"/>
        <property-mapping property="testCaseVersion" column="VERSION"/>
        <property-mapping property="testCaseTestData" column="TESTDATA"/>
        <property-mapping property="testCasePreRequisite" column="PREREQUISITE"/>
        <property-mapping property="testCaseAction" column="ACTION"/>
        <property-mapping property="testCaseExpectedResult" column="EXPECTED_RESULT"/>
        <property-mapping property="testCaseReviewComment" column="REVIEW_COMMENT"/>
        <property-mapping property="testCaseCreadted" column="CREATED"/>
        <property-mapping property="testCaseModified" column="MODIFIED"/>

    </entity-mapping>
				
</component>