<?xml version="1.0" encoding="ISO-8859-1"?>

<!DOCTYPE component SYSTEM "dtds/component.dtd">

<component name="Publisher">

	<entity>
		<property name="id" type="String" key="true" hidden="true">
            <default-value-calculator class="org.openxava.calculators.UUIDCalculator" on-create="true"/>
        </property>
        <property name="name" type="String" size="100"/>
        <property name="description" type="String" size="100"/>
    </entity>

    

    <tab>
        <properties>
            name,
            description
        </properties>
    </tab>
						
    <entity-mapping table="PUBLISHER">
        <property-mapping property="id" column="ID"/>
        <property-mapping property="name" column="NAME"/>
        <property-mapping property="description" column="DESCRIPTION"/>
    </entity-mapping>
				
</component>