<?xml version="1.0" encoding="ISO-8859-1"?>

<!DOCTYPE component SYSTEM "dtds/component.dtd">

<component name="QaProjectModule">

	<entity>
        <property name="id" type="String" key="true" hidden="true">
            <default-value-calculator class="org.openxava.calculators.UUIDCalculator" on-create="true"/>
        </property>
         <property name="module" stereotype="NAME" required="true" />
        <property name="description" type="String" size="100"/>
        <reference name="qaProject" model="QaProject" required="true"/>
    </entity>


    <view>
        <reference-view reference="qaProject">
            <descriptions-list description-properties="name"/>
        </reference-view>

        <members>
           qaProject;
           module;
           description
        </members>

    </view>


    <tab>
        <properties>
            qaProject.name,
            module,
            description
        </properties>
    </tab>
						
    <entity-mapping table="QA_PROJECT_MODULE">
        <property-mapping property="id" column="ID"/>
        <property-mapping property="module" column="MODULE"/>
        <property-mapping property="description" column="DESCRIPTION"/>
        <reference-mapping reference="qaProject">
            <reference-mapping-detail column="QA_PROJECT_ID" referenced-model-property="id"/>
        </reference-mapping>
    </entity-mapping>
				
</component>