<?xml version="1.0" encoding="ISO-8859-1"?>

<!DOCTYPE component SYSTEM "dtds/component.dtd">

<component name="QaProject">

    <entity>
        <property name="id" key="true" stereotype="ID" required="true">
            <validator class="org.openxava.qamanager.validators.SpecialCharacterValidator"/>
        </property>
        <property name="name" type="String" size="50" required="true">
            <validator class="org.openxava.qamanager.validators.SpecialCharacterValidator"/>
        </property>


        <property name="scheduledStart" type="java.util.Date" size="10" required="false"/>
        <property name="scheduledEnd" type="java.util.Date" size="10" required="false"/>
        <property name="actualStart" type="java.util.Date" size="10" required="false"/>
        <property name="actualEnd" type="java.util.Date" size="10" required="false"/>


        <property name="description" stereotype="TEXT_AREA" size="250"/>
        <property name="skillRequired" stereotype="MEMO" required="false"/>
        <property name="environmentDetails" stereotype="MEMO" required="false"/>
        <property name="reasonDelay" stereotype="TEXT_AREA" required="false"/>

        <reference name="customer" model="Customer" required="false"/>
        <reference name="projectType" model="ProjectType" required="false"/>
        <reference name="status" model="ProjectStatus" required="false"/>


        <property name="created" type="java.util.Date" size="10" hidden="true">
            <default-value-calculator class="org.openxava.calculators.CurrentDateCalculator" on-create="true"/>
        </property>
        <property name="modified" type="java.util.Date" size="10" hidden="true"/>

        <collection name="projectDiaries">
            <reference model="ProjectDiary"/>
        </collection>

        <collection name="contacts">
            <reference model="ProjectContact"/>
        </collection>

        <collection name="documentReview">
            <reference model="DocumentReview"/>
        </collection>

        <collection name="projectRisks">
            <reference model="ProjectRisk"/>
        </collection>

        <collection name="testCases">
            <reference model="TestCase"/>
        </collection>


        <validator class="org.openxava.qamanager.validators.QAProjectDetailValidator">
            <set property="scheduledStart"/>
            <set property="scheduledEnd"/>
            <set property="actualStart"/>
            <set property="actualEnd"/>
        </validator>

        <postmodify-calculator class="org.openxava.qamanager.calculators.QaProjectPostModifyCalculator"/>


    </entity>


    <aggregate name="ProjectDiary">

        <property name="date" type="java.util.Date" size="10" required="true" key="true">
            <default-value-calculator class="org.openxava.calculators.CurrentDateCalculator"/>
        </property>
        <property name="title" type="String" size="80" required="true"/>
        <property name="remarks" type="String" stereotype="MEMO" required="false"/>
        <property name="created" type="java.util.Date" size="10" hidden="true">
            <default-value-calculator class="org.openxava.calculators.CurrentDateCalculator" on-create="true"/>
        </property>
    </aggregate>

    <aggregate name="DocumentReview">
        <property name="documentReviewID" type="String" key="true" hidden="true">
            <default-value-calculator class="org.openxava.calculators.UUIDCalculator" on-create="true"/>
        </property>
        <property name="documentTitle" type="String" size="50" required="true"/>
        <property name="documentVersion" type="String" size="10" required="true"/>
        <reference name="qaProject" model="QaProject"/>

        <reference name="documentAuthor" model="Resource" required="true"/>
        <reference name="documentReviewer" model="Resource"/>

        <property name="documentType" required="true">
            <valid-values>
                <valid-value value="SRS"/>
                <valid-value value="CR"/>
                <valid-value value="SOW"/>
                <valid-value value="PRD"/>
                <valid-value value="QATP"/>
                <valid-value value="QATC"/>
                <valid-value value="UAT"/>
                <valid-value value="InstallationGuide"/>
                <valid-value value="UserGuide"/>
                <valid-value value="AdminGuide"/>
                <valid-value value="HelpFiles"/>
            </valid-values>
        </property>
        <property name="documentReviewStatus">
            <valid-values>
                <valid-value value="documentReviewStatusPlanned"/>
                <valid-value value="documentReviewStatusInProgress"/>
                <valid-value value="documentReviewStatusPostpone"/>
                <valid-value value="documentReviewStatusCompleted"/>
                <valid-value value="documentReviewStatusCancelled"/>
                <valid-value value="documentReviewStatusNotDone"/>
            </valid-values>
        </property>

        <property name="scheduledDocumentReviewStart" type="java.util.Date" size="10"/>
        <property name="actualDocumentReviewStart" type="java.util.Date" size="10"/>
        <property name="scheduledDocumentReviewEnd" type="java.util.Date" size="10"/>
        <property name="actualDocumentReviewEnd" type="java.util.Date" size="10"/>
        <property name="documentReviewComment" stereotype="MEMO"/>

        <property name="created" type="java.util.Date" size="10" hidden="true">
            <default-value-calculator class="org.openxava.calculators.CurrentDateCalculator" on-create="true"/>
        </property>
        <property name="modified" type="java.util.Date" size="10" hidden="true"/>

        <validator class="org.openxava.qamanager.validators.DocumentReviewDetailValidator">
            <set property="scheduledDocumentReviewStart"/>
            <set property="scheduledDocumentReviewEnd"/>
            <set property="actualDocumentReviewStart"/>
            <set property="actualDocumentReviewEnd"/>
            <set property="qaProject"/>
        </validator>

        <postmodify-calculator class="org.openxava.qamanager.calculators.DocumentReviewPostModifyCalculator"/>


    </aggregate>

    <aggregate name="ProjectContact">
        <property name="id" type="String" key="true" hidden="true">
            <default-value-calculator class="org.openxava.calculators.UUIDCalculator" on-create="true"/>
        </property>
        <property name="name" stereotype="PERSON_NAME" size="50" required="true"/>
        <property name="telephone" stereotype="TELEPHONE" required="false"/>
        <property name="email" stereotype="EMAIL" required="false"/>
        <property name="customerChatID" stereotype="EMAIL" required="false"/>
        <property name="otherInfo" stereotype="TEXT_AREA" size="250"/>
        <reference name="customer" model="Customer"/>
        <reference name="qaProject" model="QaProject"/>
    </aggregate>

    <aggregate name="ProjectRisk">
        <reference name="qaProject" model="QaProject"/>
        <reference name="riskOwner" model="Resource" required="true"/>
        <reference name="riskReporter" model="Resource" required="true"/>

        <property name="riskID" type="String" key="true" hidden="true">
            <default-value-calculator class="org.openxava.calculators.UUIDCalculator" on-create="true"/>
        </property>
        <property name="riskName" type="String" size="100" required="true"/>
        <property name="riskImpact" type="int" required="true">
            <valid-values>
                <valid-value value="riskImpactLow"/>
                <valid-value value="riskImpactMedium"/>
                <valid-value value="riskImpactHigh"/>
                <valid-value value="riskImpactNeedInfo"/>
            </valid-values>
        </property>
        <property name="riskLikelihood" type="int" required="true">
            <valid-values>
                <valid-value value="riskLikelihoodLow"/>
                <valid-value value="riskLikelihoodMedium"/>
                <valid-value value="riskLikelihoodHigh"/>
                <valid-value value="riskLikelihoodNeedInfo"/>
            </valid-values>
        </property>

        <property name="riskImpactLikelihood" type="int" size="2"/>

        <property name="riskMitigation" stereotype="TEXT_AREA"/>
        <property name="riskReported" type="java.util.Date" size="10">
            <default-value-calculator class="org.openxava.calculators.CurrentDateCalculator"/>
        </property>
        <property name="riskScheduledClose" type="java.util.Date" size="10"/>
        <property name="riskActualClose" type="java.util.Date" size="10"/>
        <property name="riskComment" stereotype="TEXT_AREA"/>
        <property name="riskStatus" type="int" required="false">
            <valid-values>
                <valid-value value="riskStatusOpen"/>
                <valid-value value="riskStatusAccepted"/>
                <valid-value value="riskStatusClosed"/>
                <valid-value value="riskStatusInvalid"/>
                <valid-value value="riskStatusOutOfDate"/>
            </valid-values>
        </property>


        <collection name="projectRiskActions">
            <reference model="ProjectRiskAction"/>
        </collection>

        <validator class="org.openxava.qamanager.validators.ProjectRiskDetailValidator">
            <set property="riskReported"/>
            <set property="riskScheduledClose"/>
            <set property="riskActualClose"/>
        </validator>
    </aggregate>

    <aggregate name="ProjectRiskAction">

        <property name="riskActionID" type="String" key="true" hidden="true">
            <default-value-calculator class="org.openxava.calculators.UUIDCalculator" on-create="true"/>
        </property>
        <property name="riskActionDescription" stereotype="TEXT_AREA"/>

    </aggregate>


    <aggregate name="TestCase">
         <property name="ID" type="String" key="true" hidden="true">
            <default-value-calculator class="org.openxava.calculators.UUIDCalculator" on-create="true"/>
        </property>

        <property name="testCaseID" type="String" size="10" required="true"/>
        <reference name="qaProject" model="QaProject"/>
        <reference name="testCaseAuthor" model="Resource" required="true"/>
        <reference name="qaProjectModule" model="QaProjectModule"/>
        <property name="testCaseStatus">
            <valid-values>
                <valid-value value="PROPOSED"/>
                <valid-value value="CONFIRMED"/>
                <valid-value value="DISABLED"/>
            </valid-values>
        </property>
        <property name="testCaseRequirementID" type="String" size="10"/>
        <property name="testCaseDescription" stereotype="TEXT_AREA" required="false"/>
        <property name="testCaseTestData" stereotype="TEXT_AREA" required="false"/>
        <property name="testCasePreRequisite" stereotype="TEXT_AREA" required="false"/>
        <property name="testCaseVersion" type="String" size="10"/>
        <property name="testCasePriority">
            <valid-values>
                <valid-value value="NewRelease"/>
                <valid-value value="Immediate"/>
                <valid-value value="High"/>
                <valid-value value="Normal"/>
                <valid-value value="Low"/>
            </valid-values>
        </property>
        <property name="testCaseAction" stereotype="TEXT_AREA"/>
        <property name="testCaseExpectedResult" stereotype="TEXT_AREA"/>

        <property name="testCaseReviewComment" stereotype="TEXT_AREA"/>

        <property name="created" type="java.util.Date" size="10" hidden="true">
            <default-value-calculator class="org.openxava.calculators.CurrentDateCalculator" on-create="true"/>
        </property>
        <property name="modified" type="java.util.Date" size="10" hidden="true"/>

        <collection name="testCaseTests">
            <reference model="TestCaseTest"/>
        </collection>

        <collection name="testRuns">
            <reference model="TestRun"/>
        </collection>

        <postmodify-calculator class="org.openxava.qamanager.calculators.TestCasePostModifyCalculator"/>
    </aggregate>


    <aggregate name="TestCaseTest">
         <property name="ID" type="String" key="true" hidden="true">
            <default-value-calculator class="org.openxava.calculators.UUIDCalculator" on-create="true"/>
        </property>
        <property name="testNumber" type="int" size="2" required="true"/>
        <property name="testDescription" stereotype="TEXT_AREA" required="true"/>
        <property name="testExpectedResult" stereotype="TEXT_AREA" />
    </aggregate>


    <aggregate name="TestRun">
          <property name="ID" type="String" key="true" hidden="true">
            <default-value-calculator class="org.openxava.calculators.UUIDCalculator" on-create="true"/>
        </property>
        <property name="testRunDescription" type="String" required="true"/>
        <property name="scheduledTestDate" type="java.util.Date" required="false"/>
        <property name="actualTestDate" type="java.util.Date" required="false"/>
         <property name="testRunStatus">
            <valid-values>
                <valid-value value="IDLE"/>
                <valid-value value="PASSED"/>
                <valid-value value="FAILED"/>
                <valid-value value="RUNNING"/>
                <valid-value value="PAUSED"/>
                <valid-value value="BLOCKED"/>
            </valid-values>
        </property>
        <property name="remarks" type="String" size="100" required="false"/>
        <property name="finalResult" stereotype="TEXT_AREA" required="false"/>
        <collection name="testRunTesters">
            <reference model="TestRunTester"/>
        </collection>

        <validator class="org.openxava.qamanager.validators.TestRunValidator" >
            <set property="actualTestDate"/>
        </validator>

    </aggregate>

    <aggregate name="TestRunTester">
         <property name="ID" type="String" key="true" hidden="true">
            <default-value-calculator class="org.openxava.calculators.UUIDCalculator" on-create="true"/>
        </property>
         <reference name="tester" model="Resource" required="true"/>
        <property name="testerComment" type="String" size="100"/>

    </aggregate>





    <view>
        <reference-view reference="customer" frame="false">
            <descriptions-list description-property="name"/>
        </reference-view>

        <reference-view reference="projectType" frame="false">
            <descriptions-list description-property="name"/>
        </reference-view>

        <reference-view reference="status" frame="false">
            <descriptions-list description-property="name"/>
        </reference-view>

        <reference-view reference="testCases" frame="false"/>

        <collection-view collection="projectDiaries">
            <list-properties>
                date,
                title
            </list-properties>
        </collection-view>


        <collection-view collection="contacts" view="contactsView">
            <list-properties>
                name, telephone, email, customerChatID
            </list-properties>
        </collection-view>

        <collection-view collection="documentReview">
            <list-properties>
                documentTitle, documentType, documentAuthor.name,documentReviewStatus
            </list-properties>
        </collection-view>

        <collection-view collection="projectRisks" view="">
            <list-properties>
                riskName, riskImpact, riskLikelihood , riskStatus
            </list-properties>
        </collection-view>

        <collection-view collection="testCases">
            <list-properties>
                testCaseID, testCaseRequirementID,qaProjectModule.module, testCaseDescription,testCaseExpectedResult
            </list-properties>
        </collection-view>


        <members>
            id;
            name;
            projectType;
            customer;
            status;
            <section name="Schedules">
                scheduledStart, actualStart;
                scheduledEnd, actualEnd;
                reasonDelay;
            </section>
            <section name="TestingEnvioronment">
                environmentDetails;
            </section>
            <section name="SkillRequired">
                skillRequired;
            </section>
            <section name="Description">
                description;
            </section>
            <section name="projectContacts1">
                contacts;
            </section>
            <section name="ProjectDiary">
                projectDiaries;
            </section>
            <section name="DocReviews">
                documentReview;
            </section>
            <section name="ProjectRisks">
                projectRisks;
            </section>
            <section name="TestCases">
                testCases;
            </section>

        </members>

    </view>

    <view name="contactsView" model="ProjectContact">
        <reference-view reference="customer" frame="false">
            <descriptions-list description-property="name"/>
        </reference-view>

        <reference-view reference="qaProject" frame="false">
            <descriptions-list description-property="name"/>
        </reference-view>


        <members>
            name;
            qaProject;
            telephone;
            email;
            customerChatID;
            otherInfo
        </members>

    </view>

    <view model="DocumentReview">
        <reference-view reference="documentAuthor" frame="false">
            <descriptions-list description-properties="name"/>
        </reference-view>
        <reference-view reference="documentReviewer" frame="false">
            <descriptions-list description-properties="name"/>
        </reference-view>

        <members>
            documentTitle;
            documentVersion;
            documentType, documentReviewStatus;
            documentAuthor;
            documentReviewer;
            <section name="Schedules">
                scheduledDocumentReviewStart, actualDocumentReviewStart;
                scheduledDocumentReviewEnd, actualDocumentReviewEnd;
            </section>
            <section name="DocReviewComments">
                documentReviewComment;
            </section>
        </members>
    </view>

    <view model="ProjectRisk">


        <property-view property="riskImpact">
            <on-change class="org.openxava.qamanager.actions.OnChangeRiskValues"/>
        </property-view>

        <property-view property="riskLikelihood">
            <on-change class="org.openxava.qamanager.actions.OnChangeRiskValues"/>
        </property-view>


        <property-view property="riskImpactLikelihood" read-only="true"/>

        <reference-view reference="riskOwner" frame="false">
            <descriptions-list description-properties="name"/>
        </reference-view>
        <reference-view reference="riskReporter" frame="false">
            <descriptions-list description-properties="name"/>
        </reference-view>


        <members>
            riskName;
            riskOwner;
            riskReporter;
            riskStatus;
            riskImpact, riskLikelihood, riskImpactLikelihood;
            <section name="RiskDetails">
                riskReported;
                riskScheduledClose, riskActualClose;
            </section>
            <section name="Mitigation">
                riskMitigation;
            </section>
            <section name="Comment">
                riskComment;
            </section>
            <section name="Actions">
                projectRiskActions;
            </section>
        </members>

    </view>
    <view model="TestCase">
        <reference-view reference="testCaseAuthor" frame="false">
            <descriptions-list description-properties="name"/>
        </reference-view>

        <reference-view reference="qaProjectModule" frame="false">
            <descriptions-list description-properties="module"/>
        </reference-view>



        <members>
            testCaseID;
            testCaseAuthor;
            testCaseRequirementID;
            testCaseVersion;
            testCaseStatus, testCasePriority, qaProjectModule;
            <section name="secTCDescription">
                testCaseDescription;
                testCaseAction;
                testCaseExpectedResult;
                testCaseTests;
            </section>
            <section name="secTCPrerequisite">
                testCasePreRequisite;
            </section>
            <section name="secTCTestData">
                testCaseTestData;
            </section>
            <section name="secTCReviewComment">
                testCaseReviewComment;
            </section>
            <section name="secTestRun">
                testRuns;
            </section>
        </members>
    </view>

    <view model="TestRun">
         <members>
             testRunDescription;
             scheduledTestDate, actualTestDate;
             testRunStatus;
             remarks;
             finalResult;
             testRunTesters;
         </members>

    </view>

    <view  model="TestRunTester">
          <reference-view reference="tester" frame="false">
            <descriptions-list description-properties="name"/>
        </reference-view>

        <members>
            tester;
            testerComment;
        </members>

    </view>


    <tab>
        <properties>
            name,
            scheduledStart,
            actualStart,
            scheduledEnd,
            actualEnd
        </properties>
    </tab>

    <entity-mapping table="QA_PROJECT">
        <property-mapping property="id" column="ID"/>
        <property-mapping property="name" column="NAME"/>

        <property-mapping property="scheduledStart" column="SCHEDULED_START"/>
        <property-mapping property="scheduledEnd" column="SCHEDULED_END"/>
        <property-mapping property="actualStart" column="ACTUAL_START"/>
        <property-mapping property="actualEnd" column="ACTUAL_END"/>

        <property-mapping property="description" column="DESCRIPTION"/>
        <property-mapping property="skillRequired" column="SKILL_REQUIRED"/>
        <property-mapping property="environmentDetails" column="ENV_DETAILS"/>
        <property-mapping property="reasonDelay" column="REASON_DELAY"/>

        <property-mapping property="created" column="CREATED"/>
        <property-mapping property="modified" column="MODIFIED"/>


        <reference-mapping reference="customer">
            <reference-mapping-detail column="CUSTOMER" referenced-model-property="id"/>
        </reference-mapping>

        <reference-mapping reference="projectType">
            <reference-mapping-detail column="PROJECT_TYPE" referenced-model-property="id"/>
        </reference-mapping>

        <reference-mapping reference="status">
            <reference-mapping-detail column="STATUS" referenced-model-property="id"/>
        </reference-mapping>

    </entity-mapping>

    <aggregate-mapping aggregate="ProjectDiary" table="PROJECT_DIARY">
        <reference-mapping reference="qaProject">
            <reference-mapping-detail column="QA_PROJECT_ID" referenced-model-property="id"/>
        </reference-mapping>
        <property-mapping property="date" column="EVENT_DATE"/>
        <property-mapping property="title" column="TITLE"/>
        <property-mapping property="remarks" column="REMARK"/>
        <property-mapping property="created" column="CREATED"/>
    </aggregate-mapping>

    <aggregate-mapping aggregate="ProjectContact" table="CUSTOMER_CONTACT">
        <property-mapping property="id" column="ID"/>
        <property-mapping property="name" column="NAME"/>
        <property-mapping property="telephone" column="TELEPHONE"/>
        <property-mapping property="email" column="EMAIL"/>
        <property-mapping property="otherInfo" column="OTHER_INFO"/>
        <property-mapping property="customerChatID" column="CHAT_ID"/>

        <reference-mapping reference="customer">
            <reference-mapping-detail column="CUSTOMER" referenced-model-property="id"/>
        </reference-mapping>

        <reference-mapping reference="qaProject">
            <reference-mapping-detail column="PROJECT" referenced-model-property="id"/>
        </reference-mapping>
    </aggregate-mapping>


    <aggregate-mapping aggregate="DocumentReview" table="DOCUMENT_REVIEW">
        <property-mapping property="documentReviewID" column="ID"/>
        <property-mapping property="documentTitle" column="TITLE"/>
        <property-mapping property="documentVersion" column="VERSION"/>

        <reference-mapping reference="qaProject">
            <reference-mapping-detail column="QA_PROJECT_ID" referenced-model-property="id"/>
        </reference-mapping>

        <reference-mapping reference="documentAuthor">
            <reference-mapping-detail column="RESOURCE_POOL_ID_AUTHOR" referenced-model-property="id"/>
        </reference-mapping>

        <reference-mapping reference="documentReviewer">
            <reference-mapping-detail column="RESOURCE_POOL_ID_REVIEWER" referenced-model-property="id"/>
        </reference-mapping>

        <property-mapping property="documentType" column="DOC_TYPE" cmp-type="String">
            <converter class="org.openxava.converters.ValidValuesStringConverter">
                <set property="words" value="SRS,CR,SOW,PRD,QATP,QATC,UAT,InsGuide,UserGuide,AdminGuide,HelpFiles"/>
            </converter>
        </property-mapping>


        <property-mapping property="documentReviewStatus" column="REVIEW_STATUS" cmp-type="String">
            <converter class="org.openxava.converters.ValidValuesStringConverter">
                <set property="words" value="Planned,InProgress,Postponed,Completed,Cancelled,NotDone"/>
            </converter>
        </property-mapping>

        <property-mapping property="scheduledDocumentReviewStart" column="SCHEDULED_START"/>
        <property-mapping property="scheduledDocumentReviewEnd" column="SCHEDULED_END"/>
        <property-mapping property="actualDocumentReviewStart" column="ACTUAL_START"/>
        <property-mapping property="actualDocumentReviewEnd" column="ACTUAL_END"/>
        <property-mapping property="documentReviewComment" column="REVIEW_COMMENT"/>

        <property-mapping property="created" column="CREATED"/>
        <property-mapping property="modified" column="MODIFIED"/>


    </aggregate-mapping>

    <aggregate-mapping aggregate="ProjectRisk" table="PROJECT_RISK">
        <property-mapping property="riskID" column="PROJECT_RISK_ID"/>
        <reference-mapping reference="qaProject">
            <reference-mapping-detail column="QA_PROJECT_ID" referenced-model-property="id"/>
        </reference-mapping>
        <reference-mapping reference="riskOwner">
            <reference-mapping-detail column="RESOURCE_POOL_ID_OWNER" referenced-model-property="id"/>
        </reference-mapping>
        <reference-mapping reference="riskReporter">
            <reference-mapping-detail column="RESOURCE_POOL_ID_REPORTER" referenced-model-property="id"/>
        </reference-mapping>

        <property-mapping property="riskName" column="RISK"/>
        <property-mapping property="riskImpact" column="IMPACT"/>
        <property-mapping property="riskLikelihood" column="LIKELIHOOD"/>
        <property-mapping property="riskImpactLikelihood" column="IMPACTLIKELIHOOD"/>
        <property-mapping property="riskMitigation" column="MITIGATIONS"/>
        <property-mapping property="riskStatus" column="RISK_STATUS" cmp-type="String">
            <converter class="org.openxava.converters.ValidValuesStringConverter">
                <set property="words" value="Open,Accepted,Closed,Invalid,OutofDate"/>
            </converter>
        </property-mapping>
        <property-mapping property="riskReported" column="REPORTED"/>
        <property-mapping property="riskScheduledClose" column="SCHEDULED_CLOSE"/>
        <property-mapping property="riskActualClose" column="ACTUAL_CLOSE"/>
        <property-mapping property="riskComment" column="COMMENTS"/>
    </aggregate-mapping>


    <aggregate-mapping aggregate="ProjectRiskAction" table="PROJECT_RISK_ACTION">
        <reference-mapping reference="projectRisk">
            <reference-mapping-detail column="PROJECT_RISK_ID" referenced-model-property="riskID"/>
        </reference-mapping>

        <property-mapping property="riskActionID" column="RISK_ACTION_ID"/>
        <property-mapping property="riskActionDescription" column="DESCRIPTION"/>
    </aggregate-mapping>

    <aggregate-mapping aggregate="TestCase" table="TESTCASE">
        <reference-mapping reference="qaProject">
            <reference-mapping-detail column="QA_PROJECT_ID" referenced-model-property="id"/>
        </reference-mapping>
        <reference-mapping reference="testCaseAuthor">
            <reference-mapping-detail column="AUTHOR_ID" referenced-model-property="id"/>
        </reference-mapping>
        <reference-mapping reference="qaProjectModule">
            <reference-mapping-detail column="QA_PROJECT_MODULE_ID" referenced-model-property="id"/>
        </reference-mapping>

        <property-mapping property="ID" column="ID"/>
        <property-mapping property="testCaseID" column="TESTCASE_ID"/>
        <property-mapping property="testCaseDescription" column="DESCRIPTION"/>
        <property-mapping property="testCaseStatus" column="DOCUMENT_STATUS" cmp-type="String">
            <converter class="org.openxava.converters.ValidValuesStringConverter">
                <set property="words" value="PROPOSED,CONFIRMED,DISABLED"/>
            </converter>
        </property-mapping>

        <property-mapping property="testCasePriority" column="PRIORITY" cmp-type="String">
            <converter class="org.openxava.converters.ValidValuesStringConverter">
                <set property="words" value="NewRelease,Immediate,High,Normal,Low"/>
            </converter>
        </property-mapping>


        <property-mapping property="testCaseRequirementID" column="REQUIREMENT_ID"/>
        <property-mapping property="testCaseVersion" column="VERSION"/>
        <property-mapping property="testCaseTestData" column="TESTDATA"/>
        <property-mapping property="testCasePreRequisite" column="PREREQUISITE"/>
        <property-mapping property="testCaseAction" column="ACTION"/>
        <property-mapping property="testCaseExpectedResult" column="EXPECTED_RESULT"/>
        <property-mapping property="testCaseReviewComment" column="REVIEW_COMMENT"/>
        <property-mapping property="created" column="CREATED"/>
        <property-mapping property="modified" column="MODIFIED"/>
    </aggregate-mapping>

    <aggregate-mapping aggregate="TestCaseTest" table="TESTCASE_TEST">

        <reference-mapping reference="testCase">
            <reference-mapping-detail column="TESTCASE_ID" referenced-model-property="ID"/>
        </reference-mapping>
        <property-mapping property="ID" column="ID"/>
        <property-mapping property="testNumber" column="TEST_NUMBER"/>
        <property-mapping property="testDescription" column="DESCRIPTION"/>
        <property-mapping property="testExpectedResult" column="EXPECTED_RESULT"/>

    </aggregate-mapping>


    <aggregate-mapping aggregate="TestRun" table="TEST_RUN">
          <reference-mapping reference="testCase">
            <reference-mapping-detail column="TESTCASE_ID" referenced-model-property="ID"/>
        </reference-mapping>
        <property-mapping property="testRunDescription" column="DESCRIPTION"/>
        <property-mapping property="ID" column="ID"/>
        <property-mapping property="scheduledTestDate" column="SCHEDULED_TEST"/>
        <property-mapping property="actualTestDate" column="ACTUAL_TEST"/>
        <property-mapping property="finalResult" column="FINAL_RESULT"/>
        <property-mapping property="remarks" column="REMARK"/>

        <property-mapping property="testRunStatus" column="TESTRUN_STATUS" cmp-type="String">
            <converter class="org.openxava.converters.ValidValuesStringConverter">
                <set property="words" value="IDLE,PASSED,FAILED,RUNNING,PAUSED,BLOCKED"/>
            </converter>
        </property-mapping>
    </aggregate-mapping>

    <aggregate-mapping aggregate="TestRunTester" table="TESTRUN_TESTER">
         <reference-mapping reference="testRun">
            <reference-mapping-detail column="TEST_RUN_ID" referenced-model-property="ID"/>
        </reference-mapping>
        <property-mapping property="ID" column="ID"/>
        <property-mapping property="testerComment" column="TESTER_COMMENT"/>
        <reference-mapping reference="tester">
            <reference-mapping-detail column="TESTER_ID" referenced-model-property="id"/>
        </reference-mapping>
    </aggregate-mapping>


</component>