<?xml version="1.0" encoding="ISO-8859-1"?>

<!DOCTYPE component SYSTEM "dtds/component.dtd">

<component name="ResourceAllocation">

	<entity>
		<reference name="testCycle" model="TestCycle" required="true" key="true"/>
        <reference name="resource" model="Resource" key="true" required="true"/>
        <reference name="role" model="RoleDefinition" required="false"/>
        <reference name="status" model="ResourceStatus" required="false"/>


        <property name="scheduledStart" type="java.util.Date" size="10" required="false"/>
        <property name="actualStart" type="java.util.Date" size="10" required="false"/>
        <property name="scheduledEnd" type="java.util.Date" size="10" required="false"/>
        <property name="actualEnd" type="java.util.Date" size="10" required="false"/>
        <property name="reasonDelay" type="String" stereotype="TEXT_AREA" required="false"/>

        <property name="resourceComment" type="String" stereotype="MEMO" required="false"/>

        <validator class="org.openxava.qamanager.validators.ResourceAllocationValidator">
            <set property="scheduledStart"/>
            <set property="actualStart"/>
            <set property="scheduledEnd"/>
            <set property="actualEnd"/>
        </validator>
        
    </entity>


    <view>

        <reference-view reference="testCycle" view="releaseToQA" frame="false"/>

        <reference-view reference="resource">
            <descriptions-list description-property="name"/>
        </reference-view>

        <reference-view reference="role">
            <descriptions-list description-property="name"/>
        </reference-view>

        <reference-view reference="status">
            <descriptions-list description-property="name"/>
        </reference-view>

        <members>
            testCycle;
            resource;
            role;
            status;
            <section name="Schedules">
                scheduledStart, actualStart;
                scheduledEnd, actualEnd;
                reasonDelay;
            </section>
            <section name="ResourceCommnet">
                resourceComment;
            </section>
        </members>
    </view>


    <tab>
        <properties>
            testCycle.project.name,
            testCycle.releaseTag,
            resource.name,
            role.name,
            status.name
        </properties>
    </tab>
						
    <entity-mapping table="RESOURCE_ALLOCATION">
        <reference-mapping reference="testCycle">
            <reference-mapping-detail column="PROJECT" referenced-model-property="project.id"/>
            <reference-mapping-detail column="RELEASETAG" referenced-model-property="releaseTag"/>
        </reference-mapping>

        <reference-mapping reference="resource">
            <reference-mapping-detail column="RESOURCE_ID" referenced-model-property="id"/>
        </reference-mapping>

        <reference-mapping reference="role">
            <reference-mapping-detail column="ROLE" referenced-model-property="id"/>
        </reference-mapping>

        <reference-mapping reference="status">
            <reference-mapping-detail column="STATUS" referenced-model-property="id"/>
        </reference-mapping>

        <property-mapping property="scheduledStart" column="SCHEDULED_START" />
        <property-mapping property="scheduledEnd" column="ACTUAL_START"/>
        <property-mapping property="actualStart" column="SCHEDULED_END"/>
        <property-mapping property="actualEnd" column="ACTUAL_END"/>

        <property-mapping property="reasonDelay" column="REASON_DELAY"/>
        <property-mapping property="resourceComment" column="RESOURCE_COMMENT"/>

    </entity-mapping>
				
</component>