<?xml version="1.0" encoding="ISO-8859-1"?>

<!DOCTYPE component SYSTEM "dtds/component.dtd">

<component name="ResourceHardware">

    <entity>
        <property name="id" type="String" key="true" hidden="true">
            <default-value-calculator class="org.openxava.calculators.UUIDCalculator" on-create="true"/>
        </property>
        <property name="resHWIP" stereotype="IP"/>
        <property name="resHWNAME" type="String" size="20" required="true"/>
        <property name="resHWHDD" type="String" size="10"/>
        <property name="resHWRAM" type="String" size="10"/>
        <property name="resHWProcessor" type="String" size="10"/>
        <property name="resHWOther" stereotype="TEXT_AREA"/>
        <reference name="resHWOwner" model="Resource"/>

        <collection name="projectHardwares">
            <reference model="ProjectHardware"/>            
        </collection>

        <collection name="installedOSs">
            <reference model="InstalledOS"/>
        </collection>

    </entity>

    <aggregate name="ProjectHardware">
        <reference name="resourceHardware" model="ResourceHardware" key="true"/>
        <reference name="qaProject" model="QaProject" key="true"/>
        <reference name="requester" model="Resource"/>

        <property name="requestedDate" type="java.util.Date" size="10"/>
        <property name="scheduledStartDate" type="java.util.Date" size="10"/>
        <property name="scheduledReleaseDate" type="java.util.Date" size="10"/>
        <property name="actualStartDate" type="java.util.Date" size="10"/>
        <property name="actualReleaseDate" type="java.util.Date" size="10"/>
        <property name="softwareUgage" stereotype="TEXT_AREA"/>
        <property name="severity">
            <valid-values>
                <valid-value value="High"/>
                <valid-value value="Normal"/>
                <valid-value value="Low"/>
            </valid-values>
        </property>
        <property name="currentStatus">
            <valid-values>
                <valid-value value="Planned"/>
                <valid-value value="In-Use"/>
                <valid-value value="Released"/>
            </valid-values>
        </property>
    </aggregate>

    <aggregate name="InstalledOS">
         <reference name="resourceHardware" model="ResourceHardware" key="true"/>
         <property name="operatingSystem" key="true" required="true">
            <valid-values>
                <valid-value value="Linux"/>
                <valid-value value="Linux Enterprise"/>
                <valid-value value="Linux Advanced"/>
                <valid-value value="Fedora Core 4"/>
                <valid-value value="Fedora Core 5"/>
                <valid-value value="Fedora Core 6"/>
                <valid-value value="Windows"/>
                <valid-value value="Windows XP"/>
                <valid-value value="Windows ME"/>
                <valid-value value="SunOS"/>
                <valid-value value="Solaris"/>
                <valid-value value="HP-UX"/>
                <valid-value value="Other"/>
            </valid-values>
        </property>
        <property name="otherInfo" stereotype="TEXT_AREA"/>

    </aggregate>


    <view>

        <reference-view reference="resHWOwner">
            <descriptions-list description-property="name"/>
        </reference-view>

        <collection-view collection="projectHardwares">
            <list-properties>
                qaProject.name,currentStatus,severity
            </list-properties>
        </collection-view>


        <collection-view collection="installedOSs">
            <list-properties>
                operatingSystem, otherInfo
            </list-properties>
        </collection-view>

        <members>
            resHWNAME;
            resHWIP;
            resHWOwner;
            resHWHDD, resHWRAM, resHWProcessor;
            <section name="OtherDetail">
                resHWOther;
            </section>
            <section name="Usage">
                projectHardwares;
            </section>
            <section name="OS">
                installedOSs;
            </section>

        </members>
    </view>


    <view model="ProjectHardware">
        <reference-view reference="requester">
            <descriptions-list description-property="name"/>
        </reference-view>
        <reference-view reference="qaProject">
            <descriptions-list description-property="name"/>
        </reference-view>
        <members>
            qaProject;
            requester;
            currentStatus, severity;
            <section name="Schedules">
                requestedDate;
                scheduledStartDate, actualStartDate ;
                scheduledReleaseDate , actualReleaseDate;
            </section>
            <section name="SoftwareUsage">
                softwareUgage
            </section>
        </members>


    </view>


    <tab>
        <properties>
            resHWNAME, resHWOwner.name
        </properties>
    </tab>

    <entity-mapping table="RESOURCE_HARDWARE">
        <property-mapping property="id" column="ID"/>
        <property-mapping property="resHWIP" column="IP"/>
        <property-mapping property="resHWHDD" column="HDD"/>
        <property-mapping property="resHWRAM" column="RAM"/>
        <property-mapping property="resHWProcessor" column="PROCESSOR"/>
        <property-mapping property="resHWNAME" column="NAME"/>
        <property-mapping property="resHWOther" column="OTHER"/>


        <reference-mapping reference="resHWOwner">
            <reference-mapping-detail column="OWNER_ID" referenced-model-property="id"/>
        </reference-mapping>
    </entity-mapping>

    <aggregate-mapping aggregate="ProjectHardware" table="RESOURCE_HARDWARE_PROJECT">

        <reference-mapping reference="requester">
            <reference-mapping-detail column="REQUESTER_ID" referenced-model-property="id"/>
        </reference-mapping>
        <reference-mapping reference="qaProject">
            <reference-mapping-detail column="QA_PROJECT_ID" referenced-model-property="id"/>
        </reference-mapping>
        <reference-mapping reference="resourceHardware">
            <reference-mapping-detail column="RESOURCE_HARDWARE_ID" referenced-model-property="id"/>
        </reference-mapping>
        <property-mapping property="requestedDate" column="REQUESTED"/>
        <property-mapping property="scheduledStartDate" column="SCHEDULED_START"/>
        <property-mapping property="scheduledReleaseDate" column="SCHEDULED_RELEASE"/>
        <property-mapping property="actualStartDate" column="ACTUAL_START"/>
        <property-mapping property="actualReleaseDate" column="ACTUAL_RELEASE"/>
        <property-mapping property="softwareUgage" column="SOFTWARE_USAGE"/>

        <property-mapping property="severity" column="SEVERITY" cmp-type="String">
            <converter class="org.openxava.converters.ValidValuesStringConverter">
                <set property="words" value="High,Normal,Low"/>
            </converter>
        </property-mapping>

        <property-mapping property="currentStatus" column="CURRENT_STATUS" cmp-type="String">
            <converter class="org.openxava.converters.ValidValuesStringConverter">
                <set property="words" value="Planned,InUse,Released"/>
            </converter>
        </property-mapping>

    </aggregate-mapping>

    <aggregate-mapping aggregate="InstalledOS" table="RESOURCE_HARDWARE_OS">
          <reference-mapping reference="resourceHardware">
            <reference-mapping-detail column="RESOURCE_HARDWARE_ID" referenced-model-property="id"/>
        </reference-mapping>
        <property-mapping property="operatingSystem" column="OS" cmp-type="String">
            <converter class="org.openxava.converters.ValidValuesStringConverter">
                <set property="words" value="Linux,LinuxEE,LinuxAE,FC4,FC5,FC6,WIN,WINXP,WIN ME,SUN,SOLARIS,HPUX,Other"/>
            </converter>
        </property-mapping>

        <property-mapping property="otherInfo" column="OTHER_INFO"/>

    </aggregate-mapping>


</component>