<?xml version="1.0" encoding="ISO-8859-1"?>

<!DOCTYPE component SYSTEM "dtds/component.dtd">

<component name="Resource">

    <entity>
        <property name="id" key="true" type="String" size="10" required="true">
            <validator class="org.openxava.qamanager.validators.SpecialCharacterValidator"/>
        </property>
        <property name="name" stereotype="PERSON_NAME" required="true" size="50"/>

        <property name="image" stereotype="IMAGE" required="false"/>

        <property name="addressHome" type="String" stereotype="TEXT_AREA" size="150" required="false"/>
        <property name="addressContact" stereotype="TEXT_AREA" size="150" required="false"/>
        <property name="telephoneHome" stereotype="TELEPHONE" required="false"/>
        <property name="telephoneMobile" stereotype="TELEPHONE" required="false"/>
        <property name="telephoneEmergency" stereotype="TELEPHONE" required="false"/>
        <property name="email" stereotype="EMAIL" required="false"/>

        <property name="extension" type="int" size="3" required="false"/>
        <property name="chatID" stereotype="EMAIL" required="false"/>


        <property name="dateJoined" type="java.util.Date" required="false"/>
        <property name="dateResigned" type="java.util.Date" required="false"/>
        <property name="dateRejoined" type="java.util.Date" required="false"/>
        <property name="dateOfBirth" type="java.util.Date" required="false"/>
        <property name="dateConfirmation" type="java.util.Date" required="false"/>
        <property name="dateLastPromotion" type="java.util.Date" required="false"/>
        <property name="nicNumber" type="String" size="20" required="false"/>

        <property name="gender">
            <valid-values>
                <valid-value value="Female"/>
                <valid-value value="Male"/>
            </valid-values>
        </property>
        <property name="civilStatus" type="int">
            <valid-values>
                <valid-value value="Married"/>
                <valid-value value="Single"/>
            </valid-values>
        </property>
        <property name="qualification" type="String" stereotype="MEMO" required="false"/>


        <property name="photoes" stereotype="IMAGES_GALLERY"/>
        <reference name="designation" model="Designation" required="false"/>
        <reference name="status" model="ResourceStatus" required="true"/>
        <reference name="country" model="Country"/>

        <property name="created" type="java.util.Date" size="10" hidden="true">
            <default-value-calculator class="org.openxava.calculators.CurrentDateCalculator" on-create="true"/>
        </property>
        <property name="modified" type="java.util.Date" size="10" hidden="true"/>


        <collection name="projects">
            <reference model="ResourceAllocation"/>
        </collection>

        <collection name="resourceDiary">
            <reference model="ResourceDiary"/>
        </collection>

        <validator class="org.openxava.qamanager.validators.ResourceDetailValidator">
            <set property="dateJoined"/>
            <set property="dateResigned"/>
            <set property="dateRejoined"/>
            <set property="dateOfBirth"/>
            <set property="dateConfirmation"/>
            <set property="dateLastPromotion"/>
            <set property="telephoneHome"/>
            <set property="telephoneMobile"/>
        </validator>

        <postmodify-calculator class="org.openxava.qamanager.calculators.ResourceDetailPostModifyCalculator"/>

    </entity>


    <aggregate name="ResourceDiary">
        <!-- <reference name="resource" model="Resource" required="true" key="true"/> -->
        <property name="date" type="java.util.Date" size="10" required="true" key="true">
            <default-value-calculator class="org.openxava.calculators.CurrentDateCalculator"/>
        </property>
        <property name="title" type="String" size="80" required="true"/>
        <property name="remarks" type="String" stereotype="MEMO" required="false"/>
        <property name="created" type="java.util.Date" size="10" hidden="true">
            <default-value-calculator class="org.openxava.calculators.CurrentDateCalculator" on-create="true"/>
        </property>
        <property name="modified" type="java.util.Date" size="10" hidden="true"/>

        <postmodify-calculator class="org.openxava.qamanager.calculators.ResourceDiaryPostModifyCalculator"/>

    </aggregate>


    <view>
        <reference-view reference="designation">
            <descriptions-list description-property="name"/>
        </reference-view>

        <reference-view reference="status">
            <descriptions-list description-property="name"/>
        </reference-view>

        <reference-view reference="country">
            <descriptions-list description-property="displayName"/>
        </reference-view>

        <collection-view collection="projects" read-only="true" as-aggregate="false">
            <list-properties>
                testCycle.project.name,
                testCycle.releaseTag,
                role.name,
                status.name
            </list-properties>
        </collection-view>

        <collection-view collection="resourceDiary">
            <list-properties>
                date,
                title
            </list-properties>
        </collection-view>


        <property-view property="image" label-format="SMALL"/>
        <members>

            <group name="Profile">
                id,image;
                name;
                designation;
                status,
            </group>

            <section name="ContactInformation">
                <section name="address">
                    addressHome;
                    addressContact;
                </section>
                <section name="other">
                    telephoneHome;
                    telephoneMobile;
                    telephoneEmergency;
                    email;
                    extension;
                    chatID;
                </section>
            </section>
            <section name="HRRelated">
                dateJoined,dateResigned,dateRejoined;
                dateConfirmation;
                dateLastPromotion;
                dateOfBirth;
                nicNumber;
                gender,civilStatus;
                country;
                qualification;
            </section>
            <section name="Projects">
                projects;
            </section>
            <section name="Diary">
                resourceDiary;
            </section>
            <section name="Gallery">
                photoes;
            </section>

        </members>

    </view>


    <tab>
        <properties>
            name,
            designation.name,
            extension,
            dateOfBirth,
            status.name
        </properties>
    </tab>

    <entity-mapping table="RESOURCE_POOL">
        <property-mapping property="id" column="ID"/>
        <property-mapping property="name" column="NAME"/>
        <property-mapping property="image" column="IMAGE"/>


        <property-mapping property="addressHome" column="ADDRESS_HOME"/>
        <property-mapping property="addressContact" column="ADDRESS_CONTACT"/>
        <property-mapping property="telephoneHome" column="TELEPHONE_HOME"/>
        <property-mapping property="telephoneMobile" column="TELEPHONE_MOBILE"/>
        <property-mapping property="telephoneEmergency" column="TELEPHONE_EMERGENCY"/>
        <property-mapping property="email" column="EMAIL"/>
        <property-mapping property="chatID" column="CHATID"/>
        <property-mapping property="extension" column="EXTENSION"/>


        <property-mapping property="dateJoined" column="JOINED"/>
        <property-mapping property="dateResigned" column="RESIGNED"/>
        <property-mapping property="dateRejoined" column="REJOINED"/>
        <property-mapping property="dateOfBirth" column="DOB"/>
        <property-mapping property="dateConfirmation" column="CONFIRMATION"/>
        <property-mapping property="dateLastPromotion" column="LASTPROMOTION"/>

        <property-mapping property="gender" column="GENDER" cmp-type="String">
            <converter class="org.openxava.converters.ValidValuesStringConverter">
                <set property="words" value="F,M"/>
            </converter>
        </property-mapping>

        <property-mapping property="civilStatus" column="CIVIL_STATUS" cmp-type="String">
            <converter class="org.openxava.converters.ValidValuesStringConverter">
                <set property="words" value="Married,Single"/>
            </converter>
        </property-mapping>
        <property-mapping property="nicNumber" column="NIC_NUMBER"/>
        <property-mapping property="qualification" column="QUALIFICATION"/>

        <property-mapping property="photoes" column="GALLERY"/>


        <property-mapping property="created" column="CREATED"/>
        <property-mapping property="modified" column="MODIFIED"/>
        
        <reference-mapping reference="designation">
            <reference-mapping-detail column="DESIGNATION_ID" referenced-model-property="id"/>
        </reference-mapping>

        <reference-mapping reference="status">
            <reference-mapping-detail column="STATUS" referenced-model-property="id"/>
        </reference-mapping>

        <reference-mapping reference="country">
            <reference-mapping-detail column="COUNTRY" referenced-model-property="id"/>
        </reference-mapping>


    </entity-mapping>


    <aggregate-mapping aggregate="ResourceDiary" table="RESOURCE_DIARY">
        <reference-mapping reference="resource">
            <reference-mapping-detail column="RESOURCE_POOL_ID" referenced-model-property="id"/>
        </reference-mapping>
        <property-mapping property="date" column="EVENT_DATE"/>
        <property-mapping property="title" column="TITLE"/>
        <property-mapping property="remarks" column="REMARK"/>
        <property-mapping property="created" column="CREATED"/>
        <property-mapping property="modified" column="MODIFIED"/>

    </aggregate-mapping>

</component>