<?xml version="1.0" encoding="ISO-8859-1"?>

<!DOCTYPE component SYSTEM "dtds/component.dtd">

<component name="SoftwareRelease">

    <entity>


        <reference name="testCycle" model="TestCycle" required="true"  key="true"/>
        <reference name="customer" model="Customer" required="true"/>
        <reference name="releaseType" model="ReleaseType" required="false"/>
        <reference name="shipmentMethod" model="ShipmentMethod" required="false"/>

        <reference name="releasebyEngineering" model="Resource" required="false"/>
        <reference name="releasebyQA" model="Resource" required="false"/>
        <reference name="releasebyPM" model="Resource" required="false"/>
        <reference name="requestedBy" model="Resource" required="false"/>

        <property name="requestedShipping" type="java.util.Date" size="10" required="false"/>
        <property name="actualShipping" type="java.util.Date" size="10" required="false"/>
        <property name="reasonDelay" type="String" stereotype="TEXT_AREA" required="false"/>

        <property name="remarks" type="String" stereotype="MEMO" required="false"/>
        <property name="limitationsAndRestrictions" type="String" stereotype="MEMO" required="false"/>
        <property name="engineeringDetails" type="String" stereotype="MEMO" required="false"/>
        <property name="outstandingBugs" type="String" stereotype="MEMO" required="false"/>


        <property name="receivedLatestSourceDocuments" type="boolean" required="false"/>
        <property name="functionalityFullyImplemented" type="boolean" required="false"/>
        <property name="funtionalityFullyTested" type="boolean" required="false"/>
        <property name="allUnitTestsPassed" type="boolean" required="false"/>
        <property name="acceptanceTestsPassed" type="boolean" required="false"/>
        <property name="regressionTesting" type="boolean" required="false"/>
        <property name="stressTesting" type="boolean" required="false"/>
        <property name="virusChecked" type="boolean" required="false"/>
        <property name="severBugsClosed" type="boolean" required="false"/>
        <property name="userManualsVerified" type="boolean" required="false"/>


        <property name="archivalFolder" type="String" size="100" required="false"/>
        <property name="releasedDocument" type="String" size="100" required="false"/>
        <property name="releasedSoftware" type="String" stereotype="TEXT_AREA" required="false"/>



        <validator class="org.openxava.qamanager.validators.SoftwareReleaseValidator">
            <set property="requestedShipping"/>
            <set property="actualShipping"/>
            <set property="testCycle"  from="testCycle"/>
        </validator>



    </entity>


    <view>
        <reference-view reference="testCycle"  view="releaseToQA" frame="false" create="false" modify="false"/>

        <reference-view reference="customer">
            <descriptions-list description-property="name"/>
        </reference-view>

        <reference-view reference="releaseType">
            <descriptions-list description-property="name"/>
        </reference-view>


        <reference-view reference="shipmentMethod">
            <descriptions-list description-property="name"/>
        </reference-view>


        <reference-view reference="releasebyEngineering">
            <descriptions-list description-property="name"/>
        </reference-view>

        <reference-view reference="releasebyPM">
            <descriptions-list description-property="name"/>
        </reference-view>

        <reference-view reference="releasebyQA">
            <descriptions-list description-property="name"/>

        </reference-view>


        <reference-view reference="requestedBy">
            <descriptions-list description-property="name"/>
        </reference-view>


        <members>
            testCycle;
            releaseType;
            customer;
            <section name="Schedules">
                requestedShipping, actualShipping;
                reasonDelay;
            </section>
            <section name="EngineeringDetails">
                engineeringDetails;
            </section>
            <section name="Limitations">
                limitationsAndRestrictions;
            </section>
            <section name="QAChecklist">
                receivedLatestSourceDocuments;
                functionalityFullyImplemented;
                funtionalityFullyTested;
                allUnitTestsPassed;
                acceptanceTestsPassed;
                regressionTesting;
                stressTesting;
                virusChecked;
                severBugsClosed;
                userManualsVerified;
            </section>
            <section name="OutstandingBugs">
                outstandingBugs;
            </section>
            <section name="Shipment">
                requestedBy;
                shipmentMethod;
                archivalFolder;
                releasedDocument;
                releasedSoftware;
            </section>
            <section name="SignOff">
                releasebyQA;
                releasebyEngineering;
                releasebyPM;
                remarks;
            </section>
        </members>


    </view>


    <tab>
        <properties>
            testCycle.project.name,
            testCycle.releaseTag,
            requestedShipping,
            actualShipping
        </properties>
    </tab>

    <entity-mapping table="SOFTWARE_RELEASE">

        <reference-mapping reference="testCycle">
            <reference-mapping-detail column="PROJECT" referenced-model-property="project.id"/>
            <reference-mapping-detail column="RELEASETAG" referenced-model-property="releaseTag"/>
        </reference-mapping>


        <reference-mapping reference="customer">
            <reference-mapping-detail column="CUSTOMER" referenced-model-property="id"/>
        </reference-mapping>

        <reference-mapping reference="releaseType">
            <reference-mapping-detail column="RELEASE_TYPE" referenced-model-property="id"/>
        </reference-mapping>

        <reference-mapping reference="shipmentMethod">
            <reference-mapping-detail column="SHIPMENT_METHOD" referenced-model-property="id"/>
        </reference-mapping>

        <reference-mapping reference="releasebyEngineering">
            <reference-mapping-detail column="RELEASEDBY_ENG" referenced-model-property="id"/>
        </reference-mapping>

        <reference-mapping reference="releasebyPM">
            <reference-mapping-detail column="RELEASEDBY_PM" referenced-model-property="id"/>
        </reference-mapping>

        <reference-mapping reference="releasebyQA">
            <reference-mapping-detail column="RELEASEDBY_QA" referenced-model-property="id"/>
        </reference-mapping>

        <reference-mapping reference="requestedBy">
            <reference-mapping-detail column="REQUESTED_BY" referenced-model-property="id"/>
        </reference-mapping>

        <property-mapping property="requestedShipping" column="REQUESTED_SHIP"/>
        <property-mapping property="actualShipping" column="ACTUAL_SHIP"/>
        <property-mapping property="reasonDelay" column="REASON_DELAY"/>
        <property-mapping property="remarks" column="REMARKS"/>
        <property-mapping property="limitationsAndRestrictions" column="LIMITATION_RESTRICTIONS"/>
        <property-mapping property="engineeringDetails" column="ENGINEERING_DETAILS"/>
        <property-mapping property="outstandingBugs" column="OUTSTANDING_BUGS"/>

        <property-mapping property="receivedLatestSourceDocuments" column="RECEIVED_SOURCE_DOCS"/>
        <property-mapping property="functionalityFullyImplemented" column="FUNCTIONALITY_COMPLETED"/>
        <property-mapping property="funtionalityFullyTested" column="FUNCTIONALITY_TESTED"/>
        <property-mapping property="allUnitTestsPassed" column="UNIT_TESTS_PASSED"/>
        <property-mapping property="acceptanceTestsPassed" column="ACCEPTANCE_TEST_PASSED"/>
        <property-mapping property="stressTesting" column="STRESS_TESTING"/>
        <property-mapping property="regressionTesting" column="REGRESSION_TESTING"/>

        <property-mapping property="virusChecked" column="VIRUS_CHECKED"/>
        <property-mapping property="severBugsClosed" column="SEVERE_BUGS_CLOSED"/>
        <property-mapping property="userManualsVerified" column="MANUALS_VERIFIED"/>
        <property-mapping property="releasedSoftware" column="RELEASED_SOFTWARE"/>
        <property-mapping property="releasedDocument" column="RELEASED_DOCUMENT"/>
        <property-mapping property="archivalFolder" column="ARCHIVAL_FOLDER"/>


    </entity-mapping>

</component>