<?xml version="1.0" encoding="ISO-8859-1"?>

<!DOCTYPE component SYSTEM "dtds/component.dtd">

<component name="TestCycle">

    <entity>
        <property name="releaseTag" type="String" size="10" key="true" required="true">
            <validator class="org.openxava.qamanager.validators.SpecialCharacterValidator"/>
        </property>

        <property name="scheduledEngRelease" type="java.util.Date" required="false"/>
        <property name="actualEngRelease" type="java.util.Date" required="false"/>
        <property name="delayEngRelease" type="int" size="3" required="false"/>
        <property name="scheduledQAStart" type="java.util.Date" required="false"/>
        <property name="actualQAStart" type="java.util.Date" required="false"/>

        <property name="scheduledQAEnd" type="java.util.Date" required="false"/>
        <property name="actualQAEnd" type="java.util.Date" required="false"/>
        <property name="reasonDelay" type="String" stereotype="TEXT_AREA" required="false"/>
        <property name="qaComment" type="String" stereotype="MEMO" required="false"/>

        <reference name="project" model="QaProject" key="true" required="true"/>
        <reference name="releasedByEngineering" model="Resource" required="false"/>
        <reference name="status" model="TestCycleStatus" required="false"/>

        <collection name="eventsHistory">
            <reference model="EventHistory"/>
        </collection>

        <collection name="softwareRelease1">
            <reference model="SoftwareRelease1"/>
        </collection>


        <collection name="resourceAllocation1" minimum="1">
            <reference model="ResourceAllocation1"/>
        </collection>

        <collection name="codeReview">
            <reference model="CodeReview"/>
        </collection>


        <validator class="org.openxava.qamanager.validators.TestCycleDetailValidator">
            <set property="scheduledEngRelease"/>
            <set property="actualEngRelease"/>
            <set property="scheduledQAStart"/>
            <set property="actualQAStart"/>
            <set property="scheduledQAEnd"/>
            <set property="actualQAEnd"/>
            <set property="project"/>
        </validator>

    </entity>


    <aggregate name="SoftwareRelease1">

        <reference name="testCycle" model="TestCycle" key="true"/>
        <reference name="customer" model="Customer" required="true"/>
        <reference name="releaseType" model="ReleaseType" required="false"/>
        <reference name="shipmentMethod" model="ShipmentMethod" required="false"/>

        <reference name="releasebyEngineering" model="Resource" required="false"/>
        <reference name="releasebyQA" model="Resource" required="false"/>
        <reference name="releasebyPM" model="Resource" required="false"/>
        <reference name="requestedBy" model="Resource" required="false"/>

        <property name="requestedShipping" type="java.util.Date" size="10" required="false"/>
        <property name="actualShipping" type="java.util.Date" size="10" required="false"/>
        <property name="reasonDelay" type="String" stereotype="TEXT_AREA" required="false"/>

        <property name="remarks" type="String" stereotype="MEMO" required="false"/>
        <property name="limitationsAndRestrictions" type="String" stereotype="MEMO" required="false"/>
        <property name="engineeringDetails" type="String" stereotype="MEMO" required="false"/>
        <property name="outstandingBugs" type="String" stereotype="MEMO" required="false"/>


        <property name="receivedLatestSourceDocuments" type="boolean" required="false"/>
        <property name="functionalityFullyImplemented" type="boolean" required="false"/>
        <property name="funtionalityFullyTested" type="boolean" required="false"/>
        <property name="allUnitTestsPassed" type="boolean" required="false"/>
        <property name="acceptanceTestsPassed" type="boolean" required="false"/>
        <property name="regressionTesting" type="boolean" required="false"/>
        <property name="stressTesting" type="boolean" required="false"/>
        <property name="virusChecked" type="boolean" required="false"/>
        <property name="severeBugsClosed" type="boolean" required="false"/>
        <property name="userManualsVerified" type="boolean" required="false"/>


        <property name="archivalFolder" type="String" size="100" required="false"/>
        <property name="releasedDocument" type="String" size="100" required="false"/>
        <property name="releasedSoftware" type="String" stereotype="TEXT_AREA" required="false"/>

        <validator class="org.openxava.qamanager.validators.SoftwareReleaseDetailValidator">
            <set property="requestedShipping"/>
            <set property="actualShipping"/>
            <set property="testCycle"/>
        </validator>

    </aggregate>


    <aggregate name="ResourceAllocation1">
        <reference name="testCycle" model="TestCycle" key="true"/>
        <reference name="resource" model="Resource" required="true"/>
        <reference name="role" model="RoleDefinition" required="false"/>
        <reference name="status" model="ResourceStatus" required="false"/>


        <property name="scheduledStart" type="java.util.Date" size="10" required="false"/>
        <property name="actualStart" type="java.util.Date" size="10" required="false"/>
        <property name="scheduledEnd" type="java.util.Date" size="10" required="false"/>
        <property name="actualEnd" type="java.util.Date" size="10" required="false"/>
        <property name="reasonDelay" type="String" stereotype="TEXT_AREA" required="false"/>

        <property name="resourceComment" type="String" stereotype="MEMO" required="false"/>

        <validator class="org.openxava.qamanager.validators.ResourceAllocationValidator">
            <set property="scheduledStart"/>
            <set property="actualStart"/>
            <set property="scheduledEnd"/>
            <set property="actualEnd"/>
            <set property="testCycle"/>
        </validator>
    </aggregate>


    <aggregate name="EventHistory">

        <property name="eventID" type="String" key="true" hidden="true">
            <default-value-calculator class="org.openxava.calculators.UUIDCalculator" on-create="true"/>
        </property>

        <reference name="testCycle" model="TestCycle" key="true"/>
        <property name="eventDate" type="java.util.Date" size="10" required="true" key="true">
            <default-value-calculator class="org.openxava.calculators.CurrentDateCalculator"/>
        </property>
        <property name="title" type="String" size="80" required="true"/>
        <property name="remarks" type="String" stereotype="MEMO" required="false"/>
        <property name="created" type="java.util.Date" size="10" hidden="true">
            <default-value-calculator class="org.openxava.calculators.CurrentDateCalculator" on-create="true"/>
        </property>
        <property name="modified" type="java.util.Date" size="10" hidden="true"/>
        <postmodify-calculator class="org.openxava.qamanager.calculators.TestCycleEventHistoryPostModifyCalculator"/>

    </aggregate>

    <aggregate name="CodeReview">
        <property name="codeReviewID" type="String" key="true" hidden="true">
            <default-value-calculator class="org.openxava.calculators.UUIDCalculator" on-create="true"/>
        </property>
        <reference name="testCycle" model="TestCycle" key="true"/>
        <reference name="reviewer" model="Resource" key="true" required="true"/>
        <property name="codeReviewStatus">
            <valid-values>
                <valid-value value="plannedCodeReview"/>
                <valid-value value="inProgressCodeReview"/>
                <valid-value value="blockedCodeReview"/>
                <valid-value value="onHoldCodeReview"/>
                <valid-value value="completedCodeReview"/>
                <valid-value value="rejectedCodeReview"/>
            </valid-values>
        </property>
        <property name="scheduledCodeReviewStart" type="java.util.Date" size="10"/>
        <property name="actualCodeReviewStart" type="java.util.Date" size="10"/>
        <property name="scheduledCodeReviewEnd" type="java.util.Date" size="10"/>
        <property name="actualCodeReviewEnd" type="java.util.Date" size="10"/>
        <property name="codeReviewComment" stereotype="MEMO" required="false"/>

        <validator class="org.openxava.qamanager.validators.CodeReviewDetailValidator">
            <set property="scheduledCodeReviewStart"/>
            <set property="scheduledCodeReviewEnd"/>
            <set property="actualCodeReviewStart"/>
            <set property="actualCodeReviewEnd"/>
        </validator>
    </aggregate>


    <view>


        <property-view property="actualEngRelease">
            <on-change class="org.openxava.qamanager.actions.OnChangeEngReleaseDates"/>
        </property-view>

        <property-view property="scheduledEngRelease">
            <on-change class="org.openxava.qamanager.actions.OnChangeEngReleaseDates"/>
        </property-view>

        <property-view property="delayEngRelease" read-only="true"/>


        <reference-view reference="project" frame="false">
            <descriptions-list description-properties="name"/>
        </reference-view>

        <reference-view reference="status" frame="false">
            <descriptions-list description-properties="name"/>
        </reference-view>

        <reference-view reference="releasedByEngineering" frame="false">
            <descriptions-list description-properties="name"/>
        </reference-view>

        <collection-view collection="eventsHistory">
            <list-properties>
                eventDate,
                title
            </list-properties>
        </collection-view>

        <collection-view collection="softwareRelease1">
            <list-properties>
                customer.name,
                requestedShipping,
                actualShipping
            </list-properties>
        </collection-view>

        <collection-view collection="resourceAllocation1">
            <list-properties>
                resource.name,
                role.name,
                status.name
            </list-properties>
        </collection-view>

        <collection-view collection="codeReview">
            <list-properties>
                reviewer.name,
                codeReviewStatus,
                scheduledCodeReviewStart,
                actualCodeReviewStart,
                scheduledCodeReviewEnd,
                actualCodeReviewEnd
            </list-properties>
        </collection-view>


        <members>
            project;
            releaseTag;
            status;
            releasedByEngineering;
            <section name="Schedules">
                scheduledEngRelease, actualEngRelease, delayEngRelease;
                scheduledQAStart, actualQAStart;
                scheduledQAEnd, actualQAEnd;
                reasonDelay;
            </section>
            <section name="QAComment">
                qaComment;
            </section>

            <section name="EventHistory">
                eventsHistory;
            </section>

            <section name="SoftwareRelease">
                softwareRelease1;
            </section>
            <section name="ResourceAllocation">
                resourceAllocation1;
            </section>
            <section name="CodeReview1">
                codeReview;
            </section>
        </members>

    </view>


    <view model="SoftwareRelease1">

        <reference-view reference="customer" frame="false">
            <descriptions-list description-property="name"/>
        </reference-view>


        <reference-view reference="releaseType" frame="false">
            <descriptions-list description-property="name"/>
        </reference-view>


        <reference-view reference="shipmentMethod" frame="false">
            <descriptions-list description-property="name"/>
        </reference-view>


        <reference-view reference="releasebyEngineering" frame="false">
            <descriptions-list description-property="name"/>
        </reference-view>

        <reference-view reference="releasebyPM" frame="false">
            <descriptions-list description-property="name"/>
        </reference-view>

        <reference-view reference="releasebyQA" frame="false">
            <descriptions-list description-property="name , designation.department.id"
                               condition="${designation.department.id} ='QA'"/>
        </reference-view>


        <reference-view reference="requestedBy" frame="false">
            <descriptions-list description-property="name"/>
        </reference-view>


        <members>
            customer;
            releaseType;
            <section name="Schedules">
                requestedShipping, actualShipping;
                reasonDelay;
            </section>
            <section name="EngineeringDetails">
                engineeringDetails;
            </section>
            <section name="Limitations">
                limitationsAndRestrictions;
            </section>
            <section name="QAChecklist">
                receivedLatestSourceDocuments;
                functionalityFullyImplemented;
                funtionalityFullyTested;
                allUnitTestsPassed;
                acceptanceTestsPassed;
                regressionTesting;
                stressTesting;
                virusChecked;
                severeBugsClosed;
                userManualsVerified;
            </section>
            <section name="OutstandingBugs">
                outstandingBugs;
            </section>
            <section name="Shipment">
                requestedBy;
                shipmentMethod;
                archivalFolder;
                releasedDocument;
                releasedSoftware;
            </section>
            <section name="SignOff">
                releasebyQA;
                releasebyEngineering;
                releasebyPM;
                remarks;
            </section>
        </members>

    </view>


    <view model="ResourceAllocation1">

        <reference-view reference="resource" frame="false">
            <descriptions-list description-property="name"/>
        </reference-view>

        <reference-view reference="role" frame="false">
            <descriptions-list description-property="name"/>
        </reference-view>

        <reference-view reference="status" frame="false">
            <descriptions-list description-property="name"/>
        </reference-view>

        <members>
            resource;
            role;
            status;
            <section name="Schedules">
                scheduledStart, actualStart;
                scheduledEnd, actualEnd;
                reasonDelay;
            </section>
            <section name="ResourceCommnet">
                resourceComment;
            </section>
        </members>
    </view>

    <view model="CodeReview">
        <reference-view reference="reviewer" frame="false">
            <descriptions-list description-property="name"/>
        </reference-view>

        <members>
            reviewer;
            codeReviewStatus;
            scheduledCodeReviewStart, actualCodeReviewStart;
            scheduledCodeReviewEnd, actualCodeReviewEnd;
            codeReviewComment;
        </members>
    </view>


    <view name="releaseToQA">
        <reference-view reference="project" frame="false">
            <descriptions-list description-properties="name"/>
        </reference-view>

        <members>
            project;
            releaseTag;
        </members>
    </view>

    <tab>
        <properties>
            project.name,
            releaseTag,
            status.name,
            scheduledEngRelease,
            actualEngRelease
        </properties>
    </tab>


    <entity-mapping table="TEST_CYCLE">
        <property-mapping property="releaseTag" column="RELEASETAG"/>

        <property-mapping property="scheduledEngRelease" column="SCHEDULED_ENG_RELEASE"/>
        <property-mapping property="actualEngRelease" column="ACTUAL_ENG_RELEASE"/>
        <property-mapping property="delayEngRelease" column="ENGRELEASE_DELAY"/>
        <property-mapping property="scheduledQAStart" column="SCHEDULED_QA_START"/>
        <property-mapping property="actualQAStart" column="ACTUAL_QA_START"/>
        <property-mapping property="scheduledQAEnd" column="SCHEDULED_QA_END"/>
        <property-mapping property="actualQAEnd" column="ACTUAL_QA_END"/>

        <property-mapping property="reasonDelay" column="REASON_DELAY"/>
        <property-mapping property="qaComment" column="QA_COMMENT"/>

        <reference-mapping reference="project">
            <reference-mapping-detail column="PROJECT" referenced-model-property="id"/>
        </reference-mapping>

        <reference-mapping reference="status">
            <reference-mapping-detail column="STATUS" referenced-model-property="id"/>
        </reference-mapping>

        <reference-mapping reference="releasedByEngineering">
            <reference-mapping-detail column="ENG_RELEASEDBY" referenced-model-property="id"/>
        </reference-mapping>


    </entity-mapping>


    <aggregate-mapping aggregate="SoftwareRelease1" table="SOFTWARE_RELEASE">

        <reference-mapping reference="testCycle">
            <reference-mapping-detail column="PROJECT" referenced-model-property="project.id"/>
            <reference-mapping-detail column="RELEASETAG" referenced-model-property="releaseTag"/>
        </reference-mapping>

        <reference-mapping reference="customer">
            <reference-mapping-detail column="CUSTOMER" referenced-model-property="id"/>
        </reference-mapping>


        <reference-mapping reference="releaseType">
            <reference-mapping-detail column="RELEASE_TYPE" referenced-model-property="id"/>
        </reference-mapping>

        <reference-mapping reference="shipmentMethod">
            <reference-mapping-detail column="SHIPMENT_METHOD" referenced-model-property="id"/>
        </reference-mapping>

        <reference-mapping reference="releasebyEngineering">
            <reference-mapping-detail column="RELEASEDBY_ENG" referenced-model-property="id"/>
        </reference-mapping>

        <reference-mapping reference="releasebyPM">
            <reference-mapping-detail column="RELEASEDBY_PM" referenced-model-property="id"/>
        </reference-mapping>

        <reference-mapping reference="releasebyQA">
            <reference-mapping-detail column="RELEASEDBY_QA" referenced-model-property="id"/>
        </reference-mapping>

        <reference-mapping reference="requestedBy">
            <reference-mapping-detail column="REQUESTED_BY" referenced-model-property="id"/>
        </reference-mapping>

        <property-mapping property="requestedShipping" column="REQUESTED_SHIP"/>
        <property-mapping property="actualShipping" column="ACTUAL_SHIP"/>
        <property-mapping property="reasonDelay" column="REASON_DELAY"/>
        <property-mapping property="remarks" column="REMARKS"/>
        <property-mapping property="limitationsAndRestrictions" column="LIMITATION_RESTRICTIONS"/>
        <property-mapping property="engineeringDetails" column="ENGINEERING_DETAILS"/>
        <property-mapping property="outstandingBugs" column="OUTSTANDING_BUGS"/>

        <property-mapping property="receivedLatestSourceDocuments" column="RECEIVED_SOURCE_DOCS"/>
        <property-mapping property="functionalityFullyImplemented" column="FUNCTIONALITY_COMPLETED"/>
        <property-mapping property="funtionalityFullyTested" column="FUNCTIONALITY_TESTED"/>
        <property-mapping property="allUnitTestsPassed" column="UNIT_TESTS_PASSED"/>
        <property-mapping property="acceptanceTestsPassed" column="ACCEPTANCE_TEST_PASSED"/>
        <property-mapping property="stressTesting" column="STRESS_TESTING"/>
        <property-mapping property="regressionTesting" column="REGRESSION_TESTING"/>

        <property-mapping property="virusChecked" column="VIRUS_CHECKED"/>
        <property-mapping property="severeBugsClosed" column="SEVERE_BUGS_CLOSED"/>
        <property-mapping property="userManualsVerified" column="MANUALS_VERIFIED"/>
        <property-mapping property="releasedSoftware" column="RELEASED_SOFTWARE"/>
        <property-mapping property="releasedDocument" column="RELEASED_DOCUMENT"/>
        <property-mapping property="archivalFolder" column="ARCHIVAL_FOLDER"/>


    </aggregate-mapping>


    <aggregate-mapping aggregate="ResourceAllocation1" table="RESOURCE_ALLOCATION">
        <reference-mapping reference="testCycle">
            <reference-mapping-detail column="PROJECT" referenced-model-property="project.id"/>
            <reference-mapping-detail column="RELEASETAG" referenced-model-property="releaseTag"/>
        </reference-mapping>

        <reference-mapping reference="resource">
            <reference-mapping-detail column="RESOURCE_ID" referenced-model-property="id"/>
        </reference-mapping>

        <reference-mapping reference="role">
            <reference-mapping-detail column="ROLE" referenced-model-property="id"/>
        </reference-mapping>

        <reference-mapping reference="status">
            <reference-mapping-detail column="STATUS" referenced-model-property="id"/>
        </reference-mapping>

        <property-mapping property="scheduledStart" column="SCHEDULED_START"/>
        <property-mapping property="scheduledEnd" column="ACTUAL_START"/>
        <property-mapping property="actualStart" column="SCHEDULED_END"/>
        <property-mapping property="actualEnd" column="ACTUAL_END"/>

        <property-mapping property="reasonDelay" column="REASON_DELAY"/>
        <property-mapping property="resourceComment" column="RESOURCE_COMMENT"/>
    </aggregate-mapping>


    <aggregate-mapping aggregate="EventHistory" table="TESTCYCLE_EVENT">
        <property-mapping property="eventID" column="EVENT_ID"/>
        <reference-mapping reference="testCycle">
            <reference-mapping-detail column="TEST_CYCLE_PROJECT" referenced-model-property="project.id"/>
            <reference-mapping-detail column="TEST_CYCLE_RELEASETAG" referenced-model-property="releaseTag"/>
        </reference-mapping>

        <property-mapping property="eventDate" column="EVENT_DATE"/>
        <property-mapping property="title" column="TITLE"/>
        <property-mapping property="remarks" column="REMARK"/>
        <property-mapping property="created" column="CREATED"/>
        <property-mapping property="modified" column="MODIFIED"/>


    </aggregate-mapping>

    <aggregate-mapping aggregate="CodeReview" table="CODE_REVIEW">
        <property-mapping property="codeReviewID" column="CODE_REVIEW_ID"/>
        <reference-mapping reference="testCycle">
            <reference-mapping-detail column="TEST_CYCLE_PROJECT" referenced-model-property="project.id"/>
            <reference-mapping-detail column="TEST_CYCLE_RELEASETAG" referenced-model-property="releaseTag"/>
        </reference-mapping>

        <reference-mapping reference="reviewer">
            <reference-mapping-detail column="RESOURCE_POOL_ID" referenced-model-property="id"/>
        </reference-mapping>
        <property-mapping property="codeReviewStatus" column="REVIEW_STATUS" cmp-type="String">
            <converter class="org.openxava.converters.ValidValuesLetterConverter">
                <set property="letters" value="PIBOCR"/>
            </converter>
        </property-mapping>
        <property-mapping property="scheduledCodeReviewStart" column="SCHEDULED_START"/>
        <property-mapping property="scheduledCodeReviewEnd" column="SCHEDULED_END"/>
        <property-mapping property="actualCodeReviewStart" column="ACTUAL_START"/>
        <property-mapping property="actualCodeReviewEnd" column="ACTUAL_END"/>
        <property-mapping property="codeReviewComment" column="REVIEW_COMMENT"/>

    </aggregate-mapping>


</component>