<?xml version="1.0" encoding="ISO-8859-1"?>

<!DOCTYPE component SYSTEM "dtds/component.dtd">

<component name="TestCoverage">

    <entity>
        <property name="id" type="String" key="true" hidden="true">
            <default-value-calculator class="org.openxava.calculators.UUIDCalculator" on-create="true"/>
        </property>
        <property name="testCaseID" type="String" size="10" required="true"/>


        <property name="status">
            <valid-values>
                <valid-value value="Pass"/>
                <valid-value value="Fail"/>
                <valid-value value="In-Progress"/>
                <valid-value value="Obsolete"/>
                <valid-value value="Planned"/>
            </valid-values>
        </property>

        <property name="priority">
            <valid-values>
                <valid-value value="High"/>
                <valid-value value="Normal"/>
                <valid-value value="Low"/>
            </valid-values>
        </property>


        <property name="testCaseDescription" stereotype="TEXT_AREA" required="true"/>
        <property name="actualResult" stereotype="TEXT_AREA"/>
        <property name="scheduledDate" type="java.util.Date"/>
        <property name="executedDate" type="java.util.Date"/>

        <property name="tcCreatedDate" type="java.util.Date" size="10" hidden="true">
            <default-value-calculator class="org.openxava.calculators.CurrentDateCalculator" on-create="true"/>
        </property>

        <property name="tcModifiedDate" type="java.util.Date" size="10" hidden="true">
            <default-value-calculator class="org.openxava.calculators.CurrentDateCalculator"/>
        </property>

        <property name="comment" stereotype="HTML_TEXT"/>

        <reference name="tester" model="Resource"/>
        <reference name="tcCoverageModule" model="TestCoverageModule" required="true"/>

        <postmodify-calculator class="org.openxava.qamanager.calculators.TestCoveragePostModifyCalculator"/>

    </entity>


    <view>


        <reference-view reference="tester">
            <descriptions-list description-property="name"/>
        </reference-view>

        <reference-view reference="tcCoverageModule">
            <descriptions-list description-property="name"/>
        </reference-view>


        <members>
            testCaseID;
            tester;
            tcCoverageModule;
            status, priority;
            scheduledDate, executedDate;
            testCaseDescription, actualResult;
            comment;
        </members>


    </view>


    <tab>
        <properties>
            testCaseID, testCaseDescription
        </properties>
    </tab>

    <entity-mapping table="TESTCOVERAGE">
        <property-mapping property="id" column="ID"/>
        <property-mapping property="testCaseID" column="TESTCASE_ID"/>

        <property-mapping property="status" column="TESTCASE_STATUS" cmp-type="String">
            <converter class="org.openxava.converters.ValidValuesStringConverter">
                <set property="words" value="Pass,Fail,InProgress,Obsolete,Planned"/>
            </converter>
        </property-mapping>

        <property-mapping property="priority" column="PRIORITY" cmp-type="String">
            <converter class="org.openxava.converters.ValidValuesStringConverter">
                <set property="words" value="HIGH,NORMAL,LOW"/>
            </converter>
        </property-mapping>


        <property-mapping property="testCaseDescription" column="TEST_DESCRIPTION"/>
        <property-mapping property="actualResult" column="ACTUAL_RESULT"/>
        <property-mapping property="tcCreatedDate" column="CREATED"/>
        <property-mapping property="tcModifiedDate" column="MODIFIED"/>
        <property-mapping property="scheduledDate" column="SCHEDULED"/>
        <property-mapping property="executedDate" column="EXECUTED"/>
        <property-mapping property="comment" column="TEST_COMMENT"/>
        <reference-mapping reference="tester">
            <reference-mapping-detail column="TESTER_ID" referenced-model-property="id"/>
        </reference-mapping>

        <reference-mapping reference="tcCoverageModule">
            <reference-mapping-detail column="TESTCOVERAGE_MODULE_ID" referenced-model-property="id"/>
        </reference-mapping>


    </entity-mapping>


</component>