<?xml version="1.0" encoding="ISO-8859-1"?>

<!DOCTYPE component SYSTEM "dtds/component.dtd">

<component name="TestCycleStatus">

	<entity>
		<property name="id" key="true" stereotype="ID"  required="true"/>
        <property name="name" stereotype="NAME" required="true"/>
        <property name="description" type="String" stereotype="TEXT_AREA" size="100"/>
    </entity>

    

    <tab>
        <properties>
            name,
            description
        </properties>
    </tab>
						
    <entity-mapping table="TESTCYCLE_STATUS">
        <property-mapping property="id" column="ID"/>
        <property-mapping property="name" column="NAME"/>
        <property-mapping property="description" column="DESCRIPTION"/>
    </entity-mapping>
				
</component>