<?xml version="1.0" encoding="ISO-8859-1"?>

<!DOCTYPE component SYSTEM "dtds/component.dtd">

<component name="TipofDay">

    <entity>
        <property name="id" type="String" key="true" hidden="true">
            <default-value-calculator class="org.openxava.calculators.UUIDCalculator" on-create="true"/>
        </property>
        <property name="todTO" stereotype="EMAIL_LIST" required="true">
            <default-value-calculator class="org.openxava.qamanager.calculators.PropertyCalculator">
                <set property="propertyName" value="default.receiver"/>
            </default-value-calculator>
        </property>
        <property name="todCC" stereotype="EMAIL_LIST"/>
        <property name="todTitle" type="String" required="true"/>
        <property name="todMessage" stereotype="HTML_TEXT" required="true"/>


        <property name="todCreatedDate" type="java.util.Date" size="10">
            <default-value-calculator class="org.openxava.calculators.CurrentDateCalculator" on-create="true"/>
        </property>

        <property name="todModifiedDate" type="java.util.Date" size="10" hidden="true">
            <default-value-calculator class="org.openxava.calculators.CurrentDateCalculator"/>
        </property>

        <reference name="todSender" model="Resource" required="true"/>
        <reference name="todCategory" model="TodCategory"/>



        <postcreate-calculator class="org.openxava.qamanager.calculators.SendEmail">
            <set property="emailSubject" from="todTitle"/>
            <set property="emailMessage" from="todMessage"/>
            <set property="emailFrom" from="todSender.email"/>
            <set property="emailSenderName"  from="todSender.name"/>
            <set property="emailTO" from="todTO"/>
            <set property="emailCC" from="todCC"/>
        </postcreate-calculator>

        <postload-calculator class="org.openxava.qamanager.calculators.TODPostLoadCalculator"/>

        <postmodify-calculator class="org.openxava.qamanager.calculators.SendEmail">
            <set property="emailSubject" from="todTitle"/>
            <set property="emailMessage" from="todMessage"/>
            <set property="emailFrom" from="todSender.email"/>
            <set property="emailSenderName"  from="todSender.name"/>
            <set property="emailTO" from="todTO"/>
            <set property="emailCC" from="todCC"/>
        </postmodify-calculator>

    </entity>


    <view>


        <reference-view reference="todSender">
            <descriptions-list description-property="name"/>
        </reference-view>

        <reference-view reference="todCategory">
            <descriptions-list description-property="category"/>
        </reference-view>

        <property-view property="todCreatedDate" read-only="true"/>

        <members>
            todSender;
            todTO;
            todCC;
            todCategory;
            todTitle, todCreatedDate, <action action="TipofDay.sendEmail" always-enabled="true"/>;
            todMessage
        </members>


    </view>


    <tab>
        <properties>
            todTitle, todSender.name, todCreatedDate
        </properties>
    </tab>

    <entity-mapping table="TIP_OF_THE_DAY">
        <property-mapping property="id" column="ID"/>
        <property-mapping property="todTitle" column="TITLE"/>
        <property-mapping property="todMessage" column="MESSAGE"/>
        <property-mapping property="todCreatedDate" column="CREATED"/>
        <property-mapping property="todCC" column="CC_EMAIL_LIST"/>
        <property-mapping property="todTO" column="TO_EMAIL_LIST"/>
        <property-mapping property="todModifiedDate" column="MODIFIED"/>

        <reference-mapping reference="todCategory">
            <reference-mapping-detail column="TOD_CATEGORY_ID" referenced-model-property="id"/>
        </reference-mapping>

        <reference-mapping reference="todSender">
            <reference-mapping-detail column="SENDER_ID" referenced-model-property="id"/>
        </reference-mapping>

    </entity-mapping>


</component>