<?xml version="1.0" encoding="ISO-8859-1"?>

<!DOCTYPE component SYSTEM "dtds/component.dtd">

<component name="TrainingLocation">

    <entity>
        <property name="id" type="String" key="true" hidden="true">
            <default-value-calculator class="org.openxava.calculators.UUIDCalculator" on-create="true"/>
        </property>
        <property name="name" type="String" size="100" required="true"/>
        <property name="description" type="String" size="100"/>
        <reference name="country" model="Country" required="true"/>

    </entity>

    <view>

        <reference-view reference="country" >
            <descriptions-list description-properties="name"/>
        </reference-view>

        <members>
            name;
            country;
            description;
        </members>

    </view>


    <tab>
        <properties>
            name,
            description
        </properties>
    </tab>


    <entity-mapping table="TRAINING_LOCATION">
        <property-mapping property="id" column="ID"/>
        <property-mapping property="name" column="NAME"/>
        <property-mapping property="description" column="DESCRIPTION"/>
        <reference-mapping reference="country">
            <reference-mapping-detail column="COUNTRY_ID" referenced-model-property="id"/>
        </reference-mapping>

    </entity-mapping>

</component>