<?xml version="1.0" encoding="ISO-8859-1"?>

<!DOCTYPE component SYSTEM "dtds/component.dtd">

<component name="Training">

    <entity>
        <property name="id" type="String" key="true" hidden="true">
            <default-value-calculator class="org.openxava.calculators.UUIDCalculator" on-create="true"/>
        </property>
        <property name="title" type="String" size="100" required="true"/>
        <property name="description" stereotype="TEXT_AREA" />
        <property name="feedback" stereotype="HTML_TEXT"/>
        <property name="evaluation" stereotype="HTML_TEXT"/>
        <property name="sceheduledStart" type="java.sql.Timestamp" required="false"/>


        <reference name="location" model="TrainingLocation" required="true"/>
        <reference name="method" model="TrainingMethod" required="true"/>

        <collection name="trainingTeams">
            <reference model="TrainingTeam"/>
        </collection>



    </entity>

    <aggregate name="TrainingTeam">
        <reference name="training" model="Training" key="true"/>
        <reference name="resource" model="Resource" required="true" key="true"/>
        <property name="participantRole" type="int" required="true" key="true">
            <valid-values>
                <valid-value value="Trainer"/>
                <valid-value value="Trainee"/>
                <valid-value value="Moderator"/>
                <valid-value value="Evaluator"/>
                <valid-value value="Observer"/>
                <valid-value value="Other"/>
            </valid-values>
        </property>
        <property name="participantComment" stereotype="TEXT_AREA"/>
    </aggregate>

    <view>

        <reference-view reference="location" frame="false">
            <descriptions-list description-properties="name"/>
        </reference-view>

        <reference-view reference="method" frame="false">
            <descriptions-list description-properties="name"/>
        </reference-view>

        <collection-view collection="trainingTeams" >
            <list-properties >
                resource.name, participantRole
            </list-properties>
        </collection-view>


        <members>
            title;
            location;
            method, sceheduledStart;
            <section name="secDescription">
                description;
            </section>
            <section name="secTeam">
                trainingTeams;
            </section>
            <section  name="secFeedback">
                feedback;
            </section>
            <section  name="secEvaluation">
                evaluation;
            </section>
        </members>

    </view>

    <view model="TrainingTeam">
        <reference-view reference="resource">
            <descriptions-list description-properties="name"/>
        </reference-view>
        <members>
            resource;
            participantRole;
            participantComment;
        </members>

    </view>


    <tab>
        <properties>
            title,
            description
        </properties>
    </tab>


    <entity-mapping table="QA_TRAINING">
        <property-mapping property="id" column="ID"/>
        <property-mapping property="title" column="TITLE"/>
        <property-mapping property="description" column="DESCRIPTION"/>
        <property-mapping property="feedback" column="FEEDBACK"/>
        <property-mapping property="evaluation" column="EVALUATION"/>
        <property-mapping property="sceheduledStart" column="SCHEDULED_START"/>
        <reference-mapping reference="location">
            <reference-mapping-detail column="TRAINING_LOCATION_ID" referenced-model-property="id"/>
        </reference-mapping>

        <reference-mapping reference="method">
            <reference-mapping-detail column="TRAINING_METHOD_ID" referenced-model-property="id"/>
        </reference-mapping>

    </entity-mapping>

    <aggregate-mapping aggregate="TrainingTeam" table="QATRAINING_RESOURCE">
        <reference-mapping reference="training">
            <reference-mapping-detail column="QA_TRAINING_ID" referenced-model-property="id"/>
        </reference-mapping>
        <reference-mapping reference="resource">
            <reference-mapping-detail column="RESOURCE_POOL_ID" referenced-model-property="id"/>
        </reference-mapping>

        <property-mapping property="participantRole" column="ROLE" cmp-type="String">
            <converter class="org.openxava.converters.ValidValuesStringConverter">
                <set property="words" value="Trainer,Trainee,Moderator,Evaluator,Observer,Other"/>
            </converter>
        </property-mapping>

        <property-mapping property="participantComment" column="ROLE_COMMENT"/>
    </aggregate-mapping>


</component>