<?xml version="1.0" encoding="ISO-8859-1"?>

<!DOCTYPE component SYSTEM "dtds/component.dtd">

<component name="WorkShop">

	<entity>
		<property name="id" type="String" key="true" hidden="true">
            <default-value-calculator class="org.openxava.calculators.UUIDCalculator" on-create="true"/>
        </property>
        <property name="firstName" stereotype="NAME" required="true"/>
        <property name="lastName" stereotype="HTML_TEXT" />
    </entity>

    <view>

        <property name="testViewProperty" stereotype="LABEL"/>
        <property name="testStereoTypePHOTO" stereotype="PHOTO"/>
        <property name="testStereoTypeBOLDLABEL" stereotype="BOLD_LABEL"/>
        <property name="testStereoTypeHTMLTEXT" stereotype="HTML_TEXT"/>
        <property name="testStereoTypeIMAGELABEL" stereotype="IMAGE_LABEL"/>

        <members>
            firstName;
            lastName;
            testViewProperty;
            testStereoTypeBOLDLABEL;
            testStereoTypeHTMLTEXT;
            testStereoTypeIMAGELABEL;
            testStereoTypePHOTO;
        </members>

    </view>


    <tab>
        <properties>
            firstName,
            lastName
        </properties>
    </tab>

    <entity-mapping table="AUTHOR">
        <property-mapping property="id" column="ID"/>
        <property-mapping property="firstName" column="FIRST_NAME"/>
        <property-mapping property="lastName" column="LAST_NAME"/>
    </entity-mapping>

    
</component>